,Index,SED_CODE_2021,Age Group,Count
0,1,SED10001,Age_yr_0_4_P,5093
1,2,SED10001,Age_yr_5_9_P,5344
2,3,SED10001,Age_yr_10_14_P,5247
3,4,SED10001,Age_yr_15_19_P,5030
4,5,SED10001,Age_yr_20_24_P,4622
5,6,SED10001,Age_yr_25_29_P,5038
6,7,SED10001,Age_yr_30_34_P,4854
7,8,SED10001,Age_yr_35_39_P,4989
8,9,SED10001,Age_yr_40_44_P,4828
9,10,SED10001,Age_yr_45_49_P,4932
10,11,SED10001,Age_yr_50_54_P,5262
11,12,SED10001,Age_yr_55_59_P,5414
12,13,SED10001,Age_yr_60_64_P,5812
13,14,SED10001,Age_yr_65_69_P,5417
14,15,SED10001,Age_yr_70_74_P,4946
15,16,SED10001,Age_yr_75_79_P,3533
16,17,SED10001,Age_yr_80_84_P,2420
17,18,SED10001,Age_yr_85_89_P,1332
18,19,SED10001,Age_yr_90_94_P,669
19,20,SED10001,Age_yr_95_99_P,190
20,21,SED10001,Age_yr_100_yr_over_P,20
21,22,SED10002,Age_yr_0_4_P,7605
22,23,SED10002,Age_yr_5_9_P,6723
23,24,SED10002,Age_yr_10_14_P,5790
24,25,SED10002,Age_yr_15_19_P,5369
25,26,SED10002,Age_yr_20_24_P,10542
26,27,SED10002,Age_yr_25_29_P,13740
27,28,SED10002,Age_yr_30_34_P,13879
28,29,SED10002,Age_yr_35_39_P,10715
29,30,SED10002,Age_yr_40_44_P,7578
30,31,SED10002,Age_yr_45_49_P,6328
31,32,SED10002,Age_yr_50_54_P,6220
32,33,SED10002,Age_yr_55_59_P,6019
33,34,SED10002,Age_yr_60_64_P,5390
34,35,SED10002,Age_yr_65_69_P,4328
35,36,SED10002,Age_yr_70_74_P,2944
36,37,SED10002,Age_yr_75_79_P,2011
37,38,SED10002,Age_yr_80_84_P,1360
38,39,SED10002,Age_yr_85_89_P,771
39,40,SED10002,Age_yr_90_94_P,383
40,41,SED10002,Age_yr_95_99_P,125
41,42,SED10002,Age_yr_100_yr_over_P,13
42,43,SED10003,Age_yr_0_4_P,3939
43,44,SED10003,Age_yr_5_9_P,4513
44,45,SED10003,Age_yr_10_14_P,4896
45,46,SED10003,Age_yr_15_19_P,4119
46,47,SED10003,Age_yr_20_24_P,3366
47,48,SED10003,Age_yr_25_29_P,4069
48,49,SED10003,Age_yr_30_34_P,5068
49,50,SED10003,Age_yr_35_39_P,5241
50,51,SED10003,Age_yr_40_44_P,5154
51,52,SED10003,Age_yr_45_49_P,5582
52,53,SED10003,Age_yr_50_54_P,5517
53,54,SED10003,Age_yr_55_59_P,5630
54,55,SED10003,Age_yr_60_64_P,6075
55,56,SED10003,Age_yr_65_69_P,6054
56,57,SED10003,Age_yr_70_74_P,5151
57,58,SED10003,Age_yr_75_79_P,3368
58,59,SED10003,Age_yr_80_84_P,2230
59,60,SED10003,Age_yr_85_89_P,1381
60,61,SED10003,Age_yr_90_94_P,791
61,62,SED10003,Age_yr_95_99_P,227
62,63,SED10003,Age_yr_100_yr_over_P,24
63,64,SED10004,Age_yr_0_4_P,4426
64,65,SED10004,Age_yr_5_9_P,4209
65,66,SED10004,Age_yr_10_14_P,3800
66,67,SED10004,Age_yr_15_19_P,3276
67,68,SED10004,Age_yr_20_24_P,5549
68,69,SED10004,Age_yr_25_29_P,7490
69,70,SED10004,Age_yr_30_34_P,7932
70,71,SED10004,Age_yr_35_39_P,7552
71,72,SED10004,Age_yr_40_44_P,6770
72,73,SED10004,Age_yr_45_49_P,6296
73,74,SED10004,Age_yr_50_54_P,5651
74,75,SED10004,Age_yr_55_59_P,4909
75,76,SED10004,Age_yr_60_64_P,4149
76,77,SED10004,Age_yr_65_69_P,3708
77,78,SED10004,Age_yr_70_74_P,3244
78,79,SED10004,Age_yr_75_79_P,2059
79,80,SED10004,Age_yr_80_84_P,1178
80,81,SED10004,Age_yr_85_89_P,695
81,82,SED10004,Age_yr_90_94_P,296
82,83,SED10004,Age_yr_95_99_P,86
83,84,SED10004,Age_yr_100_yr_over_P,6
84,85,SED10005,Age_yr_0_4_P,7157
85,86,SED10005,Age_yr_5_9_P,6815
86,87,SED10005,Age_yr_10_14_P,6495
87,88,SED10005,Age_yr_15_19_P,6200
88,89,SED10005,Age_yr_20_24_P,6784
89,90,SED10005,Age_yr_25_29_P,7362
90,91,SED10005,Age_yr_30_34_P,7286
91,92,SED10005,Age_yr_35_39_P,6685
92,93,SED10005,Age_yr_40_44_P,5719
93,94,SED10005,Age_yr_45_49_P,5667
94,95,SED10005,Age_yr_50_54_P,5323
95,96,SED10005,Age_yr_55_59_P,5365
96,97,SED10005,Age_yr_60_64_P,4978
97,98,SED10005,Age_yr_65_69_P,3984
98,99,SED10005,Age_yr_70_74_P,3171
99,100,SED10005,Age_yr_75_79_P,2206
100,101,SED10005,Age_yr_80_84_P,1552
101,102,SED10005,Age_yr_85_89_P,1127
102,103,SED10005,Age_yr_90_94_P,617
103,104,SED10005,Age_yr_95_99_P,151
104,105,SED10005,Age_yr_100_yr_over_P,28
105,106,SED10006,Age_yr_0_4_P,4499
106,107,SED10006,Age_yr_5_9_P,4723
107,108,SED10006,Age_yr_10_14_P,4791
108,109,SED10006,Age_yr_15_19_P,4069
109,110,SED10006,Age_yr_20_24_P,3586
110,111,SED10006,Age_yr_25_29_P,4335
111,112,SED10006,Age_yr_30_34_P,4485
112,113,SED10006,Age_yr_35_39_P,4067
113,114,SED10006,Age_yr_40_44_P,3696
114,115,SED10006,Age_yr_45_49_P,4124
115,116,SED10006,Age_yr_50_54_P,4721
116,117,SED10006,Age_yr_55_59_P,5231
117,118,SED10006,Age_yr_60_64_P,5489
118,119,SED10006,Age_yr_65_69_P,4708
119,120,SED10006,Age_yr_70_74_P,4192
120,121,SED10006,Age_yr_75_79_P,3080
121,122,SED10006,Age_yr_80_84_P,2119
122,123,SED10006,Age_yr_85_89_P,1285
123,124,SED10006,Age_yr_90_94_P,613
124,125,SED10006,Age_yr_95_99_P,126
125,126,SED10006,Age_yr_100_yr_over_P,13
126,127,SED10007,Age_yr_0_4_P,4277
127,128,SED10007,Age_yr_5_9_P,4941
128,129,SED10007,Age_yr_10_14_P,5291
129,130,SED10007,Age_yr_15_19_P,4888
130,131,SED10007,Age_yr_20_24_P,4557
131,132,SED10007,Age_yr_25_29_P,4572
132,133,SED10007,Age_yr_30_34_P,4919
133,134,SED10007,Age_yr_35_39_P,4572
134,135,SED10007,Age_yr_40_44_P,4339
135,136,SED10007,Age_yr_45_49_P,4914
136,137,SED10007,Age_yr_50_54_P,5229
137,138,SED10007,Age_yr_55_59_P,5438
138,139,SED10007,Age_yr_60_64_P,5509
139,140,SED10007,Age_yr_65_69_P,5028
140,141,SED10007,Age_yr_70_74_P,4624
141,142,SED10007,Age_yr_75_79_P,3357
142,143,SED10007,Age_yr_80_84_P,2086
143,144,SED10007,Age_yr_85_89_P,1204
144,145,SED10007,Age_yr_90_94_P,587
145,146,SED10007,Age_yr_95_99_P,132
146,147,SED10007,Age_yr_100_yr_over_P,13
147,148,SED10008,Age_yr_0_4_P,4722
148,149,SED10008,Age_yr_5_9_P,6689
149,150,SED10008,Age_yr_10_14_P,6349
150,151,SED10008,Age_yr_15_19_P,5369
151,152,SED10008,Age_yr_20_24_P,5151
152,153,SED10008,Age_yr_25_29_P,3956
153,154,SED10008,Age_yr_30_34_P,4634
154,155,SED10008,Age_yr_35_39_P,6880
155,156,SED10008,Age_yr_40_44_P,7082
156,157,SED10008,Age_yr_45_49_P,6293
157,158,SED10008,Age_yr_50_54_P,5708
158,159,SED10008,Age_yr_55_59_P,5426
159,160,SED10008,Age_yr_60_64_P,4993
160,161,SED10008,Age_yr_65_69_P,4653
161,162,SED10008,Age_yr_70_74_P,4239
162,163,SED10008,Age_yr_75_79_P,3027
163,164,SED10008,Age_yr_80_84_P,1890
164,165,SED10008,Age_yr_85_89_P,937
165,166,SED10008,Age_yr_90_94_P,470
166,167,SED10008,Age_yr_95_99_P,136
167,168,SED10008,Age_yr_100_yr_over_P,15
168,169,SED10009,Age_yr_0_4_P,3153
169,170,SED10009,Age_yr_5_9_P,3647
170,171,SED10009,Age_yr_10_14_P,4242
171,172,SED10009,Age_yr_15_19_P,3656
172,173,SED10009,Age_yr_20_24_P,2624
173,174,SED10009,Age_yr_25_29_P,2980
174,175,SED10009,Age_yr_30_34_P,3222
175,176,SED10009,Age_yr_35_39_P,3456
176,177,SED10009,Age_yr_40_44_P,3436
177,178,SED10009,Age_yr_45_49_P,4205
178,179,SED10009,Age_yr_50_54_P,4907
179,180,SED10009,Age_yr_55_59_P,5935
180,181,SED10009,Age_yr_60_64_P,7337
181,182,SED10009,Age_yr_65_69_P,7389
182,183,SED10009,Age_yr_70_74_P,6652
183,184,SED10009,Age_yr_75_79_P,4352
184,185,SED10009,Age_yr_80_84_P,2755
185,186,SED10009,Age_yr_85_89_P,1558
186,187,SED10009,Age_yr_90_94_P,781
187,188,SED10009,Age_yr_95_99_P,227
188,189,SED10009,Age_yr_100_yr_over_P,21
189,190,SED10010,Age_yr_0_4_P,6304
190,191,SED10010,Age_yr_5_9_P,6048
191,192,SED10010,Age_yr_10_14_P,5671
192,193,SED10010,Age_yr_15_19_P,5084
193,194,SED10010,Age_yr_20_24_P,6843
194,195,SED10010,Age_yr_25_29_P,7767
195,196,SED10010,Age_yr_30_34_P,7634
196,197,SED10010,Age_yr_35_39_P,7926
197,198,SED10010,Age_yr_40_44_P,6538
198,199,SED10010,Age_yr_45_49_P,5517
199,200,SED10010,Age_yr_50_54_P,5133
200,201,SED10010,Age_yr_55_59_P,5011
201,202,SED10010,Age_yr_60_64_P,4572
202,203,SED10010,Age_yr_65_69_P,4000
203,204,SED10010,Age_yr_70_74_P,3255
204,205,SED10010,Age_yr_75_79_P,2086
205,206,SED10010,Age_yr_80_84_P,1463
206,207,SED10010,Age_yr_85_89_P,883
207,208,SED10010,Age_yr_90_94_P,372
208,209,SED10010,Age_yr_95_99_P,124
209,210,SED10010,Age_yr_100_yr_over_P,18
210,211,SED10011,Age_yr_0_4_P,3604
211,212,SED10011,Age_yr_5_9_P,4335
212,213,SED10011,Age_yr_10_14_P,4632
213,214,SED10011,Age_yr_15_19_P,4243
214,215,SED10011,Age_yr_20_24_P,3107
215,216,SED10011,Age_yr_25_29_P,2903
216,217,SED10011,Age_yr_30_34_P,3797
217,218,SED10011,Age_yr_35_39_P,4373
218,219,SED10011,Age_yr_40_44_P,4541
219,220,SED10011,Age_yr_45_49_P,5012
220,221,SED10011,Age_yr_50_54_P,5049
221,222,SED10011,Age_yr_55_59_P,4970
222,223,SED10011,Age_yr_60_64_P,5370
223,224,SED10011,Age_yr_65_69_P,5147
224,225,SED10011,Age_yr_70_74_P,4669
225,226,SED10011,Age_yr_75_79_P,3090
226,227,SED10011,Age_yr_80_84_P,1790
227,228,SED10011,Age_yr_85_89_P,1046
228,229,SED10011,Age_yr_90_94_P,435
229,230,SED10011,Age_yr_95_99_P,143
230,231,SED10011,Age_yr_100_yr_over_P,15
231,232,SED10012,Age_yr_0_4_P,4202
232,233,SED10012,Age_yr_5_9_P,5003
233,234,SED10012,Age_yr_10_14_P,5401
234,235,SED10012,Age_yr_15_19_P,5905
235,236,SED10012,Age_yr_20_24_P,6201
236,237,SED10012,Age_yr_25_29_P,5926
237,238,SED10012,Age_yr_30_34_P,5176
238,239,SED10012,Age_yr_35_39_P,5132
239,240,SED10012,Age_yr_40_44_P,4891
240,241,SED10012,Age_yr_45_49_P,5450
241,242,SED10012,Age_yr_50_54_P,5745
242,243,SED10012,Age_yr_55_59_P,5873
243,244,SED10012,Age_yr_60_64_P,5803
244,245,SED10012,Age_yr_65_69_P,4661
245,246,SED10012,Age_yr_70_74_P,3607
246,247,SED10012,Age_yr_75_79_P,2129
247,248,SED10012,Age_yr_80_84_P,1563
248,249,SED10012,Age_yr_85_89_P,1054
249,250,SED10012,Age_yr_90_94_P,524
250,251,SED10012,Age_yr_95_99_P,145
251,252,SED10012,Age_yr_100_yr_over_P,23
252,253,SED10013,Age_yr_0_4_P,12042
253,254,SED10013,Age_yr_5_9_P,10866
254,255,SED10013,Age_yr_10_14_P,9756
255,256,SED10013,Age_yr_15_19_P,8301
256,257,SED10013,Age_yr_20_24_P,7765
257,258,SED10013,Age_yr_25_29_P,9532
258,259,SED10013,Age_yr_30_34_P,11643
259,260,SED10013,Age_yr_35_39_P,11319
260,261,SED10013,Age_yr_40_44_P,9173
261,262,SED10013,Age_yr_45_49_P,8613
262,263,SED10013,Age_yr_50_54_P,7165
263,264,SED10013,Age_yr_55_59_P,6184
264,265,SED10013,Age_yr_60_64_P,5358
265,266,SED10013,Age_yr_65_69_P,4413
266,267,SED10013,Age_yr_70_74_P,3776
267,268,SED10013,Age_yr_75_79_P,2390
268,269,SED10013,Age_yr_80_84_P,1537
269,270,SED10013,Age_yr_85_89_P,890
270,271,SED10013,Age_yr_90_94_P,410
271,272,SED10013,Age_yr_95_99_P,126
272,273,SED10013,Age_yr_100_yr_over_P,17
273,274,SED10014,Age_yr_0_4_P,5916
274,275,SED10014,Age_yr_5_9_P,5962
275,276,SED10014,Age_yr_10_14_P,5843
276,277,SED10014,Age_yr_15_19_P,5396
277,278,SED10014,Age_yr_20_24_P,5727
278,279,SED10014,Age_yr_25_29_P,6039
279,280,SED10014,Age_yr_30_34_P,6182
280,281,SED10014,Age_yr_35_39_P,6215
281,282,SED10014,Age_yr_40_44_P,5424
282,283,SED10014,Age_yr_45_49_P,5031
283,284,SED10014,Age_yr_50_54_P,4562
284,285,SED10014,Age_yr_55_59_P,4742
285,286,SED10014,Age_yr_60_64_P,4561
286,287,SED10014,Age_yr_65_69_P,4039
287,288,SED10014,Age_yr_70_74_P,3608
288,289,SED10014,Age_yr_75_79_P,2296
289,290,SED10014,Age_yr_80_84_P,1366
290,291,SED10014,Age_yr_85_89_P,629
291,292,SED10014,Age_yr_90_94_P,252
292,293,SED10014,Age_yr_95_99_P,79
293,294,SED10014,Age_yr_100_yr_over_P,5
294,295,SED10015,Age_yr_0_4_P,5132
295,296,SED10015,Age_yr_5_9_P,4887
296,297,SED10015,Age_yr_10_14_P,4982
297,298,SED10015,Age_yr_15_19_P,4773
298,299,SED10015,Age_yr_20_24_P,6401
299,300,SED10015,Age_yr_25_29_P,7354
300,301,SED10015,Age_yr_30_34_P,7714
301,302,SED10015,Age_yr_35_39_P,7279
302,303,SED10015,Age_yr_40_44_P,6383
303,304,SED10015,Age_yr_45_49_P,6468
304,305,SED10015,Age_yr_50_54_P,6411
305,306,SED10015,Age_yr_55_59_P,5949
306,307,SED10015,Age_yr_60_64_P,5078
307,308,SED10015,Age_yr_65_69_P,4154
308,309,SED10015,Age_yr_70_74_P,3598
309,310,SED10015,Age_yr_75_79_P,2834
310,311,SED10015,Age_yr_80_84_P,2308
311,312,SED10015,Age_yr_85_89_P,1517
312,313,SED10015,Age_yr_90_94_P,666
313,314,SED10015,Age_yr_95_99_P,151
314,315,SED10015,Age_yr_100_yr_over_P,18
315,316,SED10016,Age_yr_0_4_P,6389
316,317,SED10016,Age_yr_5_9_P,8105
317,318,SED10016,Age_yr_10_14_P,8415
318,319,SED10016,Age_yr_15_19_P,7546
319,320,SED10016,Age_yr_20_24_P,6324
320,321,SED10016,Age_yr_25_29_P,4889
321,322,SED10016,Age_yr_30_34_P,5948
322,323,SED10016,Age_yr_35_39_P,8443
323,324,SED10016,Age_yr_40_44_P,8644
324,325,SED10016,Age_yr_45_49_P,8026
325,326,SED10016,Age_yr_50_54_P,6932
326,327,SED10016,Age_yr_55_59_P,5727
327,328,SED10016,Age_yr_60_64_P,5011
328,329,SED10016,Age_yr_65_69_P,4399
329,330,SED10016,Age_yr_70_74_P,3675
330,331,SED10016,Age_yr_75_79_P,2624
331,332,SED10016,Age_yr_80_84_P,1491
332,333,SED10016,Age_yr_85_89_P,829
333,334,SED10016,Age_yr_90_94_P,367
334,335,SED10016,Age_yr_95_99_P,99
335,336,SED10016,Age_yr_100_yr_over_P,14
336,337,SED10017,Age_yr_0_4_P,5948
337,338,SED10017,Age_yr_5_9_P,6137
338,339,SED10017,Age_yr_10_14_P,5913
339,340,SED10017,Age_yr_15_19_P,5244
340,341,SED10017,Age_yr_20_24_P,5248
341,342,SED10017,Age_yr_25_29_P,6253
342,343,SED10017,Age_yr_30_34_P,6288
343,344,SED10017,Age_yr_35_39_P,6004
344,345,SED10017,Age_yr_40_44_P,5363
345,346,SED10017,Age_yr_45_49_P,5362
346,347,SED10017,Age_yr_50_54_P,5396
347,348,SED10017,Age_yr_55_59_P,4985
348,349,SED10017,Age_yr_60_64_P,5178
349,350,SED10017,Age_yr_65_69_P,4648
350,351,SED10017,Age_yr_70_74_P,4075
351,352,SED10017,Age_yr_75_79_P,2617
352,353,SED10017,Age_yr_80_84_P,1534
353,354,SED10017,Age_yr_85_89_P,979
354,355,SED10017,Age_yr_90_94_P,454
355,356,SED10017,Age_yr_95_99_P,117
356,357,SED10017,Age_yr_100_yr_over_P,10
357,358,SED10018,Age_yr_0_4_P,4325
358,359,SED10018,Age_yr_5_9_P,5069
359,360,SED10018,Age_yr_10_14_P,5078
360,361,SED10018,Age_yr_15_19_P,4512
361,362,SED10018,Age_yr_20_24_P,4311
362,363,SED10018,Age_yr_25_29_P,4423
363,364,SED10018,Age_yr_30_34_P,4689
364,365,SED10018,Age_yr_35_39_P,5034
365,366,SED10018,Age_yr_40_44_P,4890
366,367,SED10018,Age_yr_45_49_P,5003
367,368,SED10018,Age_yr_50_54_P,4884
368,369,SED10018,Age_yr_55_59_P,4505
369,370,SED10018,Age_yr_60_64_P,4465
370,371,SED10018,Age_yr_65_69_P,3907
371,372,SED10018,Age_yr_70_74_P,3572
372,373,SED10018,Age_yr_75_79_P,2952
373,374,SED10018,Age_yr_80_84_P,2150
374,375,SED10018,Age_yr_85_89_P,1363
375,376,SED10018,Age_yr_90_94_P,670
376,377,SED10018,Age_yr_95_99_P,162
377,378,SED10018,Age_yr_100_yr_over_P,27
378,379,SED10019,Age_yr_0_4_P,3764
379,380,SED10019,Age_yr_5_9_P,4379
380,381,SED10019,Age_yr_10_14_P,4823
381,382,SED10019,Age_yr_15_19_P,4092
382,383,SED10019,Age_yr_20_24_P,3580
383,384,SED10019,Age_yr_25_29_P,3572
384,385,SED10019,Age_yr_30_34_P,3929
385,386,SED10019,Age_yr_35_39_P,3823
386,387,SED10019,Age_yr_40_44_P,3906
387,388,SED10019,Age_yr_45_49_P,4529
388,389,SED10019,Age_yr_50_54_P,4798
389,390,SED10019,Age_yr_55_59_P,5594
390,391,SED10019,Age_yr_60_64_P,6144
391,392,SED10019,Age_yr_65_69_P,6053
392,393,SED10019,Age_yr_70_74_P,5592
393,394,SED10019,Age_yr_75_79_P,3961
394,395,SED10019,Age_yr_80_84_P,2617
395,396,SED10019,Age_yr_85_89_P,1595
396,397,SED10019,Age_yr_90_94_P,728
397,398,SED10019,Age_yr_95_99_P,171
398,399,SED10019,Age_yr_100_yr_over_P,15
399,400,SED10020,Age_yr_0_4_P,4060
400,401,SED10020,Age_yr_5_9_P,4734
401,402,SED10020,Age_yr_10_14_P,5172
402,403,SED10020,Age_yr_15_19_P,4505
403,404,SED10020,Age_yr_20_24_P,3601
404,405,SED10020,Age_yr_25_29_P,4251
405,406,SED10020,Age_yr_30_34_P,4534
406,407,SED10020,Age_yr_35_39_P,4738
407,408,SED10020,Age_yr_40_44_P,4535
408,409,SED10020,Age_yr_45_49_P,4889
409,410,SED10020,Age_yr_50_54_P,4933
410,411,SED10020,Age_yr_55_59_P,5064
411,412,SED10020,Age_yr_60_64_P,5518
412,413,SED10020,Age_yr_65_69_P,5376
413,414,SED10020,Age_yr_70_74_P,4810
414,415,SED10020,Age_yr_75_79_P,3365
415,416,SED10020,Age_yr_80_84_P,2357
416,417,SED10020,Age_yr_85_89_P,1391
417,418,SED10020,Age_yr_90_94_P,685
418,419,SED10020,Age_yr_95_99_P,222
419,420,SED10020,Age_yr_100_yr_over_P,26
420,421,SED10021,Age_yr_0_4_P,4489
421,422,SED10021,Age_yr_5_9_P,4284
422,423,SED10021,Age_yr_10_14_P,4179
423,424,SED10021,Age_yr_15_19_P,3413
424,425,SED10021,Age_yr_20_24_P,4268
425,426,SED10021,Age_yr_25_29_P,8791
426,427,SED10021,Age_yr_30_34_P,9294
427,428,SED10021,Age_yr_35_39_P,7386
428,429,SED10021,Age_yr_40_44_P,6156
429,430,SED10021,Age_yr_45_49_P,5597
430,431,SED10021,Age_yr_50_54_P,5213
431,432,SED10021,Age_yr_55_59_P,4349
432,433,SED10021,Age_yr_60_64_P,3698
433,434,SED10021,Age_yr_65_69_P,3011
434,435,SED10021,Age_yr_70_74_P,2870
435,436,SED10021,Age_yr_75_79_P,2137
436,437,SED10021,Age_yr_80_84_P,1565
437,438,SED10021,Age_yr_85_89_P,1051
438,439,SED10021,Age_yr_90_94_P,648
439,440,SED10021,Age_yr_95_99_P,213
440,441,SED10021,Age_yr_100_yr_over_P,46
441,442,SED10022,Age_yr_0_4_P,3991
442,443,SED10022,Age_yr_5_9_P,4417
443,444,SED10022,Age_yr_10_14_P,4742
444,445,SED10022,Age_yr_15_19_P,4150
445,446,SED10022,Age_yr_20_24_P,3367
446,447,SED10022,Age_yr_25_29_P,3683
447,448,SED10022,Age_yr_30_34_P,3585
448,449,SED10022,Age_yr_35_39_P,3716
449,450,SED10022,Age_yr_40_44_P,3753
450,451,SED10022,Age_yr_45_49_P,4206
451,452,SED10022,Age_yr_50_54_P,4451
452,453,SED10022,Age_yr_55_59_P,4995
453,454,SED10022,Age_yr_60_64_P,5278
454,455,SED10022,Age_yr_65_69_P,4965
455,456,SED10022,Age_yr_70_74_P,4961
456,457,SED10022,Age_yr_75_79_P,3429
457,458,SED10022,Age_yr_80_84_P,2494
458,459,SED10022,Age_yr_85_89_P,1348
459,460,SED10022,Age_yr_90_94_P,716
460,461,SED10022,Age_yr_95_99_P,185
461,462,SED10022,Age_yr_100_yr_over_P,18
462,463,SED10023,Age_yr_0_4_P,4433
463,464,SED10023,Age_yr_5_9_P,4735
464,465,SED10023,Age_yr_10_14_P,4953
465,466,SED10023,Age_yr_15_19_P,4865
466,467,SED10023,Age_yr_20_24_P,4522
467,468,SED10023,Age_yr_25_29_P,4465
468,469,SED10023,Age_yr_30_34_P,4651
469,470,SED10023,Age_yr_35_39_P,4936
470,471,SED10023,Age_yr_40_44_P,5018
471,472,SED10023,Age_yr_45_49_P,5681
472,473,SED10023,Age_yr_50_54_P,5359
473,474,SED10023,Age_yr_55_59_P,5102
474,475,SED10023,Age_yr_60_64_P,5043
475,476,SED10023,Age_yr_65_69_P,4331
476,477,SED10023,Age_yr_70_74_P,3723
477,478,SED10023,Age_yr_75_79_P,2664
478,479,SED10023,Age_yr_80_84_P,1810
479,480,SED10023,Age_yr_85_89_P,1267
480,481,SED10023,Age_yr_90_94_P,667
481,482,SED10023,Age_yr_95_99_P,147
482,483,SED10023,Age_yr_100_yr_over_P,24
483,484,SED10024,Age_yr_0_4_P,3652
484,485,SED10024,Age_yr_5_9_P,5844
485,486,SED10024,Age_yr_10_14_P,6923
486,487,SED10024,Age_yr_15_19_P,5942
487,488,SED10024,Age_yr_20_24_P,4465
488,489,SED10024,Age_yr_25_29_P,2565
489,490,SED10024,Age_yr_30_34_P,2804
490,491,SED10024,Age_yr_35_39_P,4564
491,492,SED10024,Age_yr_40_44_P,5810
492,493,SED10024,Age_yr_45_49_P,6443
493,494,SED10024,Age_yr_50_54_P,6239
494,495,SED10024,Age_yr_55_59_P,5413
495,496,SED10024,Age_yr_60_64_P,4343
496,497,SED10024,Age_yr_65_69_P,3942
497,498,SED10024,Age_yr_70_74_P,3806
498,499,SED10024,Age_yr_75_79_P,3435
499,500,SED10024,Age_yr_80_84_P,2398
500,501,SED10024,Age_yr_85_89_P,1507
501,502,SED10024,Age_yr_90_94_P,741
502,503,SED10024,Age_yr_95_99_P,228
503,504,SED10024,Age_yr_100_yr_over_P,20
504,505,SED10025,Age_yr_0_4_P,4469
505,506,SED10025,Age_yr_5_9_P,4317
506,507,SED10025,Age_yr_10_14_P,4342
507,508,SED10025,Age_yr_15_19_P,3840
508,509,SED10025,Age_yr_20_24_P,4287
509,510,SED10025,Age_yr_25_29_P,5786
510,511,SED10025,Age_yr_30_34_P,7113
511,512,SED10025,Age_yr_35_39_P,6705
512,513,SED10025,Age_yr_40_44_P,5874
513,514,SED10025,Age_yr_45_49_P,5673
514,515,SED10025,Age_yr_50_54_P,5288
515,516,SED10025,Age_yr_55_59_P,5156
516,517,SED10025,Age_yr_60_64_P,4519
517,518,SED10025,Age_yr_65_69_P,4063
518,519,SED10025,Age_yr_70_74_P,3695
519,520,SED10025,Age_yr_75_79_P,2626
520,521,SED10025,Age_yr_80_84_P,1945
521,522,SED10025,Age_yr_85_89_P,1210
522,523,SED10025,Age_yr_90_94_P,710
523,524,SED10025,Age_yr_95_99_P,195
524,525,SED10025,Age_yr_100_yr_over_P,26
525,526,SED10026,Age_yr_0_4_P,5635
526,527,SED10026,Age_yr_5_9_P,5865
527,528,SED10026,Age_yr_10_14_P,5779
528,529,SED10026,Age_yr_15_19_P,4721
529,530,SED10026,Age_yr_20_24_P,4323
530,531,SED10026,Age_yr_25_29_P,5845
531,532,SED10026,Age_yr_30_34_P,5801
532,533,SED10026,Age_yr_35_39_P,5285
533,534,SED10026,Age_yr_40_44_P,4642
534,535,SED10026,Age_yr_45_49_P,4675
535,536,SED10026,Age_yr_50_54_P,4985
536,537,SED10026,Age_yr_55_59_P,4986
537,538,SED10026,Age_yr_60_64_P,5022
538,539,SED10026,Age_yr_65_69_P,4274
539,540,SED10026,Age_yr_70_74_P,3879
540,541,SED10026,Age_yr_75_79_P,2928
541,542,SED10026,Age_yr_80_84_P,2043
542,543,SED10026,Age_yr_85_89_P,1152
543,544,SED10026,Age_yr_90_94_P,527
544,545,SED10026,Age_yr_95_99_P,148
545,546,SED10026,Age_yr_100_yr_over_P,12
546,547,SED10027,Age_yr_0_4_P,5190
547,548,SED10027,Age_yr_5_9_P,5739
548,549,SED10027,Age_yr_10_14_P,5542
549,550,SED10027,Age_yr_15_19_P,5435
550,551,SED10027,Age_yr_20_24_P,5174
551,552,SED10027,Age_yr_25_29_P,4981
552,553,SED10027,Age_yr_30_34_P,5379
553,554,SED10027,Age_yr_35_39_P,5831
554,555,SED10027,Age_yr_40_44_P,5418
555,556,SED10027,Age_yr_45_49_P,5457
556,557,SED10027,Age_yr_50_54_P,5150
557,558,SED10027,Age_yr_55_59_P,5069
558,559,SED10027,Age_yr_60_64_P,4897
559,560,SED10027,Age_yr_65_69_P,3909
560,561,SED10027,Age_yr_70_74_P,3343
561,562,SED10027,Age_yr_75_79_P,2459
562,563,SED10027,Age_yr_80_84_P,1803
563,564,SED10027,Age_yr_85_89_P,1271
564,565,SED10027,Age_yr_90_94_P,712
565,566,SED10027,Age_yr_95_99_P,217
566,567,SED10027,Age_yr_100_yr_over_P,28
567,568,SED10028,Age_yr_0_4_P,3904
568,569,SED10028,Age_yr_5_9_P,5956
569,570,SED10028,Age_yr_10_14_P,6688
570,571,SED10028,Age_yr_15_19_P,5607
571,572,SED10028,Age_yr_20_24_P,5222
572,573,SED10028,Age_yr_25_29_P,4507
573,574,SED10028,Age_yr_30_34_P,4937
574,575,SED10028,Age_yr_35_39_P,6266
575,576,SED10028,Age_yr_40_44_P,6660
576,577,SED10028,Age_yr_45_49_P,6146
577,578,SED10028,Age_yr_50_54_P,5643
578,579,SED10028,Age_yr_55_59_P,5645
579,580,SED10028,Age_yr_60_64_P,5239
580,581,SED10028,Age_yr_65_69_P,4594
581,582,SED10028,Age_yr_70_74_P,3657
582,583,SED10028,Age_yr_75_79_P,2710
583,584,SED10028,Age_yr_80_84_P,2177
584,585,SED10028,Age_yr_85_89_P,1568
585,586,SED10028,Age_yr_90_94_P,938
586,587,SED10028,Age_yr_95_99_P,325
587,588,SED10028,Age_yr_100_yr_over_P,47
588,589,SED10029,Age_yr_0_4_P,5363
589,590,SED10029,Age_yr_5_9_P,6013
590,591,SED10029,Age_yr_10_14_P,6365
591,592,SED10029,Age_yr_15_19_P,6456
592,593,SED10029,Age_yr_20_24_P,6478
593,594,SED10029,Age_yr_25_29_P,6511
594,595,SED10029,Age_yr_30_34_P,6075
595,596,SED10029,Age_yr_35_39_P,5985
596,597,SED10029,Age_yr_40_44_P,5664
597,598,SED10029,Age_yr_45_49_P,5898
598,599,SED10029,Age_yr_50_54_P,6140
599,600,SED10029,Age_yr_55_59_P,6081
600,601,SED10029,Age_yr_60_64_P,5692
601,602,SED10029,Age_yr_65_69_P,4646
602,603,SED10029,Age_yr_70_74_P,3629
603,604,SED10029,Age_yr_75_79_P,2561
604,605,SED10029,Age_yr_80_84_P,1910
605,606,SED10029,Age_yr_85_89_P,1159
606,607,SED10029,Age_yr_90_94_P,616
607,608,SED10029,Age_yr_95_99_P,157
608,609,SED10029,Age_yr_100_yr_over_P,17
609,610,SED10030,Age_yr_0_4_P,4178
610,611,SED10030,Age_yr_5_9_P,4452
611,612,SED10030,Age_yr_10_14_P,4253
612,613,SED10030,Age_yr_15_19_P,4024
613,614,SED10030,Age_yr_20_24_P,4175
614,615,SED10030,Age_yr_25_29_P,4414
615,616,SED10030,Age_yr_30_34_P,4663
616,617,SED10030,Age_yr_35_39_P,4976
617,618,SED10030,Age_yr_40_44_P,4932
618,619,SED10030,Age_yr_45_49_P,5030
619,620,SED10030,Age_yr_50_54_P,5151
620,621,SED10030,Age_yr_55_59_P,5338
621,622,SED10030,Age_yr_60_64_P,5338
622,623,SED10030,Age_yr_65_69_P,4776
623,624,SED10030,Age_yr_70_74_P,4552
624,625,SED10030,Age_yr_75_79_P,3496
625,626,SED10030,Age_yr_80_84_P,2373
626,627,SED10030,Age_yr_85_89_P,1411
627,628,SED10030,Age_yr_90_94_P,732
628,629,SED10030,Age_yr_95_99_P,254
629,630,SED10030,Age_yr_100_yr_over_P,31
630,631,SED10031,Age_yr_0_4_P,4364
631,632,SED10031,Age_yr_5_9_P,4947
632,633,SED10031,Age_yr_10_14_P,5260
633,634,SED10031,Age_yr_15_19_P,4684
634,635,SED10031,Age_yr_20_24_P,3795
635,636,SED10031,Age_yr_25_29_P,4049
636,637,SED10031,Age_yr_30_34_P,4529
637,638,SED10031,Age_yr_35_39_P,4557
638,639,SED10031,Age_yr_40_44_P,4516
639,640,SED10031,Age_yr_45_49_P,5310
640,641,SED10031,Age_yr_50_54_P,5602
641,642,SED10031,Age_yr_55_59_P,5950
642,643,SED10031,Age_yr_60_64_P,5777
643,644,SED10031,Age_yr_65_69_P,5443
644,645,SED10031,Age_yr_70_74_P,5151
645,646,SED10031,Age_yr_75_79_P,3624
646,647,SED10031,Age_yr_80_84_P,2219
647,648,SED10031,Age_yr_85_89_P,1213
648,649,SED10031,Age_yr_90_94_P,641
649,650,SED10031,Age_yr_95_99_P,130
650,651,SED10031,Age_yr_100_yr_over_P,11
651,652,SED10032,Age_yr_0_4_P,7801
652,653,SED10032,Age_yr_5_9_P,7156
653,654,SED10032,Age_yr_10_14_P,6294
654,655,SED10032,Age_yr_15_19_P,5501
655,656,SED10032,Age_yr_20_24_P,8039
656,657,SED10032,Age_yr_25_29_P,10191
657,658,SED10032,Age_yr_30_34_P,10162
658,659,SED10032,Age_yr_35_39_P,9506
659,660,SED10032,Age_yr_40_44_P,7233
660,661,SED10032,Age_yr_45_49_P,5810
661,662,SED10032,Age_yr_50_54_P,5268
662,663,SED10032,Age_yr_55_59_P,5028
663,664,SED10032,Age_yr_60_64_P,4489
664,665,SED10032,Age_yr_65_69_P,3552
665,666,SED10032,Age_yr_70_74_P,2988
666,667,SED10032,Age_yr_75_79_P,2123
667,668,SED10032,Age_yr_80_84_P,1510
668,669,SED10032,Age_yr_85_89_P,860
669,670,SED10032,Age_yr_90_94_P,431
670,671,SED10032,Age_yr_95_99_P,114
671,672,SED10032,Age_yr_100_yr_over_P,10
672,673,SED10033,Age_yr_0_4_P,4628
673,674,SED10033,Age_yr_5_9_P,4988
674,675,SED10033,Age_yr_10_14_P,5351
675,676,SED10033,Age_yr_15_19_P,5232
676,677,SED10033,Age_yr_20_24_P,4913
677,678,SED10033,Age_yr_25_29_P,4873
678,679,SED10033,Age_yr_30_34_P,4801
679,680,SED10033,Age_yr_35_39_P,4563
680,681,SED10033,Age_yr_40_44_P,4550
681,682,SED10033,Age_yr_45_49_P,5348
682,683,SED10033,Age_yr_50_54_P,5633
683,684,SED10033,Age_yr_55_59_P,5291
684,685,SED10033,Age_yr_60_64_P,4795
685,686,SED10033,Age_yr_65_69_P,3916
686,687,SED10033,Age_yr_70_74_P,3596
687,688,SED10033,Age_yr_75_79_P,2527
688,689,SED10033,Age_yr_80_84_P,1629
689,690,SED10033,Age_yr_85_89_P,875
690,691,SED10033,Age_yr_90_94_P,397
691,692,SED10033,Age_yr_95_99_P,99
692,693,SED10033,Age_yr_100_yr_over_P,15
693,694,SED10034,Age_yr_0_4_P,4841
694,695,SED10034,Age_yr_5_9_P,5114
695,696,SED10034,Age_yr_10_14_P,5238
696,697,SED10034,Age_yr_15_19_P,4848
697,698,SED10034,Age_yr_20_24_P,4359
698,699,SED10034,Age_yr_25_29_P,3824
699,700,SED10034,Age_yr_30_34_P,4828
700,701,SED10034,Age_yr_35_39_P,5243
701,702,SED10034,Age_yr_40_44_P,5444
702,703,SED10034,Age_yr_45_49_P,5599
703,704,SED10034,Age_yr_50_54_P,5242
704,705,SED10034,Age_yr_55_59_P,4954
705,706,SED10034,Age_yr_60_64_P,4533
706,707,SED10034,Age_yr_65_69_P,3974
707,708,SED10034,Age_yr_70_74_P,3513
708,709,SED10034,Age_yr_75_79_P,2683
709,710,SED10034,Age_yr_80_84_P,1654
710,711,SED10034,Age_yr_85_89_P,1039
711,712,SED10034,Age_yr_90_94_P,563
712,713,SED10034,Age_yr_95_99_P,178
713,714,SED10034,Age_yr_100_yr_over_P,26
714,715,SED10035,Age_yr_0_4_P,5874
715,716,SED10035,Age_yr_5_9_P,4098
716,717,SED10035,Age_yr_10_14_P,3303
717,718,SED10035,Age_yr_15_19_P,4055
718,719,SED10035,Age_yr_20_24_P,12697
719,720,SED10035,Age_yr_25_29_P,18489
720,721,SED10035,Age_yr_30_34_P,17503
721,722,SED10035,Age_yr_35_39_P,12241
722,723,SED10035,Age_yr_40_44_P,8184
723,724,SED10035,Age_yr_45_49_P,6300
724,725,SED10035,Age_yr_50_54_P,5451
725,726,SED10035,Age_yr_55_59_P,4687
726,727,SED10035,Age_yr_60_64_P,3919
727,728,SED10035,Age_yr_65_69_P,3214
728,729,SED10035,Age_yr_70_74_P,2631
729,730,SED10035,Age_yr_75_79_P,1911
730,731,SED10035,Age_yr_80_84_P,1451
731,732,SED10035,Age_yr_85_89_P,885
732,733,SED10035,Age_yr_90_94_P,387
733,734,SED10035,Age_yr_95_99_P,81
734,735,SED10035,Age_yr_100_yr_over_P,5
735,736,SED10036,Age_yr_0_4_P,6178
736,737,SED10036,Age_yr_5_9_P,6855
737,738,SED10036,Age_yr_10_14_P,6780
738,739,SED10036,Age_yr_15_19_P,6372
739,740,SED10036,Age_yr_20_24_P,6160
740,741,SED10036,Age_yr_25_29_P,5769
741,742,SED10036,Age_yr_30_34_P,6055
742,743,SED10036,Age_yr_35_39_P,6486
743,744,SED10036,Age_yr_40_44_P,6148
744,745,SED10036,Age_yr_45_49_P,6167
745,746,SED10036,Age_yr_50_54_P,5722
746,747,SED10036,Age_yr_55_59_P,5381
747,748,SED10036,Age_yr_60_64_P,4592
748,749,SED10036,Age_yr_65_69_P,3538
749,750,SED10036,Age_yr_70_74_P,2980
750,751,SED10036,Age_yr_75_79_P,2151
751,752,SED10036,Age_yr_80_84_P,1431
752,753,SED10036,Age_yr_85_89_P,898
753,754,SED10036,Age_yr_90_94_P,481
754,755,SED10036,Age_yr_95_99_P,131
755,756,SED10036,Age_yr_100_yr_over_P,20
756,757,SED10037,Age_yr_0_4_P,4457
757,758,SED10037,Age_yr_5_9_P,5652
758,759,SED10037,Age_yr_10_14_P,5965
759,760,SED10037,Age_yr_15_19_P,5375
760,761,SED10037,Age_yr_20_24_P,4718
761,762,SED10037,Age_yr_25_29_P,3818
762,763,SED10037,Age_yr_30_34_P,4443
763,764,SED10037,Age_yr_35_39_P,5805
764,765,SED10037,Age_yr_40_44_P,6439
765,766,SED10037,Age_yr_45_49_P,6537
766,767,SED10037,Age_yr_50_54_P,6057
767,768,SED10037,Age_yr_55_59_P,5516
768,769,SED10037,Age_yr_60_64_P,4895
769,770,SED10037,Age_yr_65_69_P,4158
770,771,SED10037,Age_yr_70_74_P,3642
771,772,SED10037,Age_yr_75_79_P,2730
772,773,SED10037,Age_yr_80_84_P,1856
773,774,SED10037,Age_yr_85_89_P,940
774,775,SED10037,Age_yr_90_94_P,478
775,776,SED10037,Age_yr_95_99_P,114
776,777,SED10037,Age_yr_100_yr_over_P,13
777,778,SED10038,Age_yr_0_4_P,4580
778,779,SED10038,Age_yr_5_9_P,5201
779,780,SED10038,Age_yr_10_14_P,5557
780,781,SED10038,Age_yr_15_19_P,5490
781,782,SED10038,Age_yr_20_24_P,5521
782,783,SED10038,Age_yr_25_29_P,4350
783,784,SED10038,Age_yr_30_34_P,4670
784,785,SED10038,Age_yr_35_39_P,5173
785,786,SED10038,Age_yr_40_44_P,5388
786,787,SED10038,Age_yr_45_49_P,5677
787,788,SED10038,Age_yr_50_54_P,5218
788,789,SED10038,Age_yr_55_59_P,5080
789,790,SED10038,Age_yr_60_64_P,4936
790,791,SED10038,Age_yr_65_69_P,4264
791,792,SED10038,Age_yr_70_74_P,3788
792,793,SED10038,Age_yr_75_79_P,2900
793,794,SED10038,Age_yr_80_84_P,2166
794,795,SED10038,Age_yr_85_89_P,1410
795,796,SED10038,Age_yr_90_94_P,721
796,797,SED10038,Age_yr_95_99_P,170
797,798,SED10038,Age_yr_100_yr_over_P,20
798,799,SED10039,Age_yr_0_4_P,4471
799,800,SED10039,Age_yr_5_9_P,4861
800,801,SED10039,Age_yr_10_14_P,4777
801,802,SED10039,Age_yr_15_19_P,4456
802,803,SED10039,Age_yr_20_24_P,4031
803,804,SED10039,Age_yr_25_29_P,4497
804,805,SED10039,Age_yr_30_34_P,4633
805,806,SED10039,Age_yr_35_39_P,4619
806,807,SED10039,Age_yr_40_44_P,4363
807,808,SED10039,Age_yr_45_49_P,4684
808,809,SED10039,Age_yr_50_54_P,4679
809,810,SED10039,Age_yr_55_59_P,5216
810,811,SED10039,Age_yr_60_64_P,5644
811,812,SED10039,Age_yr_65_69_P,5466
812,813,SED10039,Age_yr_70_74_P,4807
813,814,SED10039,Age_yr_75_79_P,3440
814,815,SED10039,Age_yr_80_84_P,2200
815,816,SED10039,Age_yr_85_89_P,1315
816,817,SED10039,Age_yr_90_94_P,697
817,818,SED10039,Age_yr_95_99_P,190
818,819,SED10039,Age_yr_100_yr_over_P,14
819,820,SED10040,Age_yr_0_4_P,4869
820,821,SED10040,Age_yr_5_9_P,4880
821,822,SED10040,Age_yr_10_14_P,4512
822,823,SED10040,Age_yr_15_19_P,4308
823,824,SED10040,Age_yr_20_24_P,7929
824,825,SED10040,Age_yr_25_29_P,8990
825,826,SED10040,Age_yr_30_34_P,8330
826,827,SED10040,Age_yr_35_39_P,7329
827,828,SED10040,Age_yr_40_44_P,5885
828,829,SED10040,Age_yr_45_49_P,5469
829,830,SED10040,Age_yr_50_54_P,5318
830,831,SED10040,Age_yr_55_59_P,5528
831,832,SED10040,Age_yr_60_64_P,5108
832,833,SED10040,Age_yr_65_69_P,4470
833,834,SED10040,Age_yr_70_74_P,3593
834,835,SED10040,Age_yr_75_79_P,2635
835,836,SED10040,Age_yr_80_84_P,2080
836,837,SED10040,Age_yr_85_89_P,1489
837,838,SED10040,Age_yr_90_94_P,757
838,839,SED10040,Age_yr_95_99_P,235
839,840,SED10040,Age_yr_100_yr_over_P,17
840,841,SED10041,Age_yr_0_4_P,4314
841,842,SED10041,Age_yr_5_9_P,5932
842,843,SED10041,Age_yr_10_14_P,6291
843,844,SED10041,Age_yr_15_19_P,5902
844,845,SED10041,Age_yr_20_24_P,4642
845,846,SED10041,Age_yr_25_29_P,3587
846,847,SED10041,Age_yr_30_34_P,4360
847,848,SED10041,Age_yr_35_39_P,6351
848,849,SED10041,Age_yr_40_44_P,6501
849,850,SED10041,Age_yr_45_49_P,6379
850,851,SED10041,Age_yr_50_54_P,6141
851,852,SED10041,Age_yr_55_59_P,5326
852,853,SED10041,Age_yr_60_64_P,4639
853,854,SED10041,Age_yr_65_69_P,3919
854,855,SED10041,Age_yr_70_74_P,3811
855,856,SED10041,Age_yr_75_79_P,3103
856,857,SED10041,Age_yr_80_84_P,2393
857,858,SED10041,Age_yr_85_89_P,1773
858,859,SED10041,Age_yr_90_94_P,1058
859,860,SED10041,Age_yr_95_99_P,367
860,861,SED10041,Age_yr_100_yr_over_P,37
861,862,SED10042,Age_yr_0_4_P,4386
862,863,SED10042,Age_yr_5_9_P,4661
863,864,SED10042,Age_yr_10_14_P,4542
864,865,SED10042,Age_yr_15_19_P,4489
865,866,SED10042,Age_yr_20_24_P,4418
866,867,SED10042,Age_yr_25_29_P,4267
867,868,SED10042,Age_yr_30_34_P,4599
868,869,SED10042,Age_yr_35_39_P,4618
869,870,SED10042,Age_yr_40_44_P,4217
870,871,SED10042,Age_yr_45_49_P,4783
871,872,SED10042,Age_yr_50_54_P,4886
872,873,SED10042,Age_yr_55_59_P,5131
873,874,SED10042,Age_yr_60_64_P,5508
874,875,SED10042,Age_yr_65_69_P,5210
875,876,SED10042,Age_yr_70_74_P,4992
876,877,SED10042,Age_yr_75_79_P,3915
877,878,SED10042,Age_yr_80_84_P,2520
878,879,SED10042,Age_yr_85_89_P,1546
879,880,SED10042,Age_yr_90_94_P,793
880,881,SED10042,Age_yr_95_99_P,196
881,882,SED10042,Age_yr_100_yr_over_P,39
882,883,SED10043,Age_yr_0_4_P,7044
883,884,SED10043,Age_yr_5_9_P,7189
884,885,SED10043,Age_yr_10_14_P,6758
885,886,SED10043,Age_yr_15_19_P,6018
886,887,SED10043,Age_yr_20_24_P,6689
887,888,SED10043,Age_yr_25_29_P,7902
888,889,SED10043,Age_yr_30_34_P,7266
889,890,SED10043,Age_yr_35_39_P,7027
890,891,SED10043,Age_yr_40_44_P,6316
891,892,SED10043,Age_yr_45_49_P,5338
892,893,SED10043,Age_yr_50_54_P,5279
893,894,SED10043,Age_yr_55_59_P,5248
894,895,SED10043,Age_yr_60_64_P,4834
895,896,SED10043,Age_yr_65_69_P,4001
896,897,SED10043,Age_yr_70_74_P,3172
897,898,SED10043,Age_yr_75_79_P,2339
898,899,SED10043,Age_yr_80_84_P,1808
899,900,SED10043,Age_yr_85_89_P,1144
900,901,SED10043,Age_yr_90_94_P,503
901,902,SED10043,Age_yr_95_99_P,127
902,903,SED10043,Age_yr_100_yr_over_P,12
903,904,SED10044,Age_yr_0_4_P,5019
904,905,SED10044,Age_yr_5_9_P,5577
905,906,SED10044,Age_yr_10_14_P,5262
906,907,SED10044,Age_yr_15_19_P,4771
907,908,SED10044,Age_yr_20_24_P,4671
908,909,SED10044,Age_yr_25_29_P,5950
909,910,SED10044,Age_yr_30_34_P,7269
910,911,SED10044,Age_yr_35_39_P,7640
911,912,SED10044,Age_yr_40_44_P,6933
912,913,SED10044,Age_yr_45_49_P,6270
913,914,SED10044,Age_yr_50_54_P,5780
914,915,SED10044,Age_yr_55_59_P,5120
915,916,SED10044,Age_yr_60_64_P,4528
916,917,SED10044,Age_yr_65_69_P,3925
917,918,SED10044,Age_yr_70_74_P,3576
918,919,SED10044,Age_yr_75_79_P,2636
919,920,SED10044,Age_yr_80_84_P,1898
920,921,SED10044,Age_yr_85_89_P,1269
921,922,SED10044,Age_yr_90_94_P,815
922,923,SED10044,Age_yr_95_99_P,251
923,924,SED10044,Age_yr_100_yr_over_P,34
924,925,SED10045,Age_yr_0_4_P,3492
925,926,SED10045,Age_yr_5_9_P,4279
926,927,SED10045,Age_yr_10_14_P,5045
927,928,SED10045,Age_yr_15_19_P,4379
928,929,SED10045,Age_yr_20_24_P,3510
929,930,SED10045,Age_yr_25_29_P,3586
930,931,SED10045,Age_yr_30_34_P,3645
931,932,SED10045,Age_yr_35_39_P,4166
932,933,SED10045,Age_yr_40_44_P,4355
933,934,SED10045,Age_yr_45_49_P,4913
934,935,SED10045,Age_yr_50_54_P,5218
935,936,SED10045,Age_yr_55_59_P,5844
936,937,SED10045,Age_yr_60_64_P,6457
937,938,SED10045,Age_yr_65_69_P,5895
938,939,SED10045,Age_yr_70_74_P,4875
939,940,SED10045,Age_yr_75_79_P,3026
940,941,SED10045,Age_yr_80_84_P,2024
941,942,SED10045,Age_yr_85_89_P,1193
942,943,SED10045,Age_yr_90_94_P,656
943,944,SED10045,Age_yr_95_99_P,181
944,945,SED10045,Age_yr_100_yr_over_P,19
945,946,SED10046,Age_yr_0_4_P,6575
946,947,SED10046,Age_yr_5_9_P,6961
947,948,SED10046,Age_yr_10_14_P,7024
948,949,SED10046,Age_yr_15_19_P,6807
949,950,SED10046,Age_yr_20_24_P,7255
950,951,SED10046,Age_yr_25_29_P,7324
951,952,SED10046,Age_yr_30_34_P,6939
952,953,SED10046,Age_yr_35_39_P,7084
953,954,SED10046,Age_yr_40_44_P,6521
954,955,SED10046,Age_yr_45_49_P,6167
955,956,SED10046,Age_yr_50_54_P,6010
956,957,SED10046,Age_yr_55_59_P,6059
957,958,SED10046,Age_yr_60_64_P,5270
958,959,SED10046,Age_yr_65_69_P,3962
959,960,SED10046,Age_yr_70_74_P,2776
960,961,SED10046,Age_yr_75_79_P,1932
961,962,SED10046,Age_yr_80_84_P,1303
962,963,SED10046,Age_yr_85_89_P,697
963,964,SED10046,Age_yr_90_94_P,265
964,965,SED10046,Age_yr_95_99_P,40
965,966,SED10046,Age_yr_100_yr_over_P,7
966,967,SED10047,Age_yr_0_4_P,10522
967,968,SED10047,Age_yr_5_9_P,10328
968,969,SED10047,Age_yr_10_14_P,8657
969,970,SED10047,Age_yr_15_19_P,7145
970,971,SED10047,Age_yr_20_24_P,7633
971,972,SED10047,Age_yr_25_29_P,9017
972,973,SED10047,Age_yr_30_34_P,10437
973,974,SED10047,Age_yr_35_39_P,11203
974,975,SED10047,Age_yr_40_44_P,8578
975,976,SED10047,Age_yr_45_49_P,7163
976,977,SED10047,Age_yr_50_54_P,6205
977,978,SED10047,Age_yr_55_59_P,5612
978,979,SED10047,Age_yr_60_64_P,5027
979,980,SED10047,Age_yr_65_69_P,4231
980,981,SED10047,Age_yr_70_74_P,3765
981,982,SED10047,Age_yr_75_79_P,2503
982,983,SED10047,Age_yr_80_84_P,1461
983,984,SED10047,Age_yr_85_89_P,706
984,985,SED10047,Age_yr_90_94_P,268
985,986,SED10047,Age_yr_95_99_P,83
986,987,SED10047,Age_yr_100_yr_over_P,7
987,988,SED10048,Age_yr_0_4_P,8965
988,989,SED10048,Age_yr_5_9_P,9115
989,990,SED10048,Age_yr_10_14_P,7817
990,991,SED10048,Age_yr_15_19_P,6728
991,992,SED10048,Age_yr_20_24_P,6940
992,993,SED10048,Age_yr_25_29_P,7628
993,994,SED10048,Age_yr_30_34_P,9103
994,995,SED10048,Age_yr_35_39_P,10187
995,996,SED10048,Age_yr_40_44_P,8344
996,997,SED10048,Age_yr_45_49_P,6926
997,998,SED10048,Age_yr_50_54_P,6087
998,999,SED10048,Age_yr_55_59_P,6128
999,1000,SED10048,Age_yr_60_64_P,5621
1000,1001,SED10048,Age_yr_65_69_P,4641
1001,1002,SED10048,Age_yr_70_74_P,3587
1002,1003,SED10048,Age_yr_75_79_P,2172
1003,1004,SED10048,Age_yr_80_84_P,1322
1004,1005,SED10048,Age_yr_85_89_P,684
1005,1006,SED10048,Age_yr_90_94_P,322
1006,1007,SED10048,Age_yr_95_99_P,90
1007,1008,SED10048,Age_yr_100_yr_over_P,13
1008,1009,SED10049,Age_yr_0_4_P,6220
1009,1010,SED10049,Age_yr_5_9_P,6571
1010,1011,SED10049,Age_yr_10_14_P,6480
1011,1012,SED10049,Age_yr_15_19_P,5568
1012,1013,SED10049,Age_yr_20_24_P,5471
1013,1014,SED10049,Age_yr_25_29_P,6223
1014,1015,SED10049,Age_yr_30_34_P,6722
1015,1016,SED10049,Age_yr_35_39_P,6313
1016,1017,SED10049,Age_yr_40_44_P,5728
1017,1018,SED10049,Age_yr_45_49_P,5539
1018,1019,SED10049,Age_yr_50_54_P,5451
1019,1020,SED10049,Age_yr_55_59_P,5035
1020,1021,SED10049,Age_yr_60_64_P,4906
1021,1022,SED10049,Age_yr_65_69_P,4339
1022,1023,SED10049,Age_yr_70_74_P,3837
1023,1024,SED10049,Age_yr_75_79_P,2696
1024,1025,SED10049,Age_yr_80_84_P,1642
1025,1026,SED10049,Age_yr_85_89_P,921
1026,1027,SED10049,Age_yr_90_94_P,456
1027,1028,SED10049,Age_yr_95_99_P,105
1028,1029,SED10049,Age_yr_100_yr_over_P,9
1029,1030,SED10050,Age_yr_0_4_P,4796
1030,1031,SED10050,Age_yr_5_9_P,5032
1031,1032,SED10050,Age_yr_10_14_P,5622
1032,1033,SED10050,Age_yr_15_19_P,4704
1033,1034,SED10050,Age_yr_20_24_P,4059
1034,1035,SED10050,Age_yr_25_29_P,5386
1035,1036,SED10050,Age_yr_30_34_P,6751
1036,1037,SED10050,Age_yr_35_39_P,6381
1037,1038,SED10050,Age_yr_40_44_P,6310
1038,1039,SED10050,Age_yr_45_49_P,6617
1039,1040,SED10050,Age_yr_50_54_P,6142
1040,1041,SED10050,Age_yr_55_59_P,5356
1041,1042,SED10050,Age_yr_60_64_P,4337
1042,1043,SED10050,Age_yr_65_69_P,3406
1043,1044,SED10050,Age_yr_70_74_P,2946
1044,1045,SED10050,Age_yr_75_79_P,2324
1045,1046,SED10050,Age_yr_80_84_P,1484
1046,1047,SED10050,Age_yr_85_89_P,887
1047,1048,SED10050,Age_yr_90_94_P,519
1048,1049,SED10050,Age_yr_95_99_P,127
1049,1050,SED10050,Age_yr_100_yr_over_P,20
1050,1051,SED10051,Age_yr_0_4_P,4862
1051,1052,SED10051,Age_yr_5_9_P,4938
1052,1053,SED10051,Age_yr_10_14_P,5019
1053,1054,SED10051,Age_yr_15_19_P,4565
1054,1055,SED10051,Age_yr_20_24_P,5353
1055,1056,SED10051,Age_yr_25_29_P,6050
1056,1057,SED10051,Age_yr_30_34_P,6960
1057,1058,SED10051,Age_yr_35_39_P,6740
1058,1059,SED10051,Age_yr_40_44_P,6417
1059,1060,SED10051,Age_yr_45_49_P,6282
1060,1061,SED10051,Age_yr_50_54_P,5702
1061,1062,SED10051,Age_yr_55_59_P,5381
1062,1063,SED10051,Age_yr_60_64_P,4552
1063,1064,SED10051,Age_yr_65_69_P,4031
1064,1065,SED10051,Age_yr_70_74_P,3632
1065,1066,SED10051,Age_yr_75_79_P,2878
1066,1067,SED10051,Age_yr_80_84_P,2101
1067,1068,SED10051,Age_yr_85_89_P,1261
1068,1069,SED10051,Age_yr_90_94_P,671
1069,1070,SED10051,Age_yr_95_99_P,166
1070,1071,SED10051,Age_yr_100_yr_over_P,25
1071,1072,SED10052,Age_yr_0_4_P,4553
1072,1073,SED10052,Age_yr_5_9_P,5010
1073,1074,SED10052,Age_yr_10_14_P,5015
1074,1075,SED10052,Age_yr_15_19_P,4634
1075,1076,SED10052,Age_yr_20_24_P,4288
1076,1077,SED10052,Age_yr_25_29_P,4536
1077,1078,SED10052,Age_yr_30_34_P,4819
1078,1079,SED10052,Age_yr_35_39_P,5499
1079,1080,SED10052,Age_yr_40_44_P,5376
1080,1081,SED10052,Age_yr_45_49_P,5683
1081,1082,SED10052,Age_yr_50_54_P,5170
1082,1083,SED10052,Age_yr_55_59_P,4933
1083,1084,SED10052,Age_yr_60_64_P,4674
1084,1085,SED10052,Age_yr_65_69_P,4084
1085,1086,SED10052,Age_yr_70_74_P,3823
1086,1087,SED10052,Age_yr_75_79_P,3154
1087,1088,SED10052,Age_yr_80_84_P,2182
1088,1089,SED10052,Age_yr_85_89_P,1410
1089,1090,SED10052,Age_yr_90_94_P,931
1090,1091,SED10052,Age_yr_95_99_P,233
1091,1092,SED10052,Age_yr_100_yr_over_P,43
1092,1093,SED10053,Age_yr_0_4_P,5228
1093,1094,SED10053,Age_yr_5_9_P,5276
1094,1095,SED10053,Age_yr_10_14_P,5409
1095,1096,SED10053,Age_yr_15_19_P,4638
1096,1097,SED10053,Age_yr_20_24_P,4558
1097,1098,SED10053,Age_yr_25_29_P,5722
1098,1099,SED10053,Age_yr_30_34_P,6431
1099,1100,SED10053,Age_yr_35_39_P,6091
1100,1101,SED10053,Age_yr_40_44_P,5383
1101,1102,SED10053,Age_yr_45_49_P,5911
1102,1103,SED10053,Age_yr_50_54_P,6307
1103,1104,SED10053,Age_yr_55_59_P,5897
1104,1105,SED10053,Age_yr_60_64_P,5310
1105,1106,SED10053,Age_yr_65_69_P,4185
1106,1107,SED10053,Age_yr_70_74_P,3546
1107,1108,SED10053,Age_yr_75_79_P,2328
1108,1109,SED10053,Age_yr_80_84_P,1497
1109,1110,SED10053,Age_yr_85_89_P,804
1110,1111,SED10053,Age_yr_90_94_P,340
1111,1112,SED10053,Age_yr_95_99_P,103
1112,1113,SED10053,Age_yr_100_yr_over_P,10
1113,1114,SED10054,Age_yr_0_4_P,6943
1114,1115,SED10054,Age_yr_5_9_P,7429
1115,1116,SED10054,Age_yr_10_14_P,7255
1116,1117,SED10054,Age_yr_15_19_P,6530
1117,1118,SED10054,Age_yr_20_24_P,6761
1118,1119,SED10054,Age_yr_25_29_P,6601
1119,1120,SED10054,Age_yr_30_34_P,6726
1120,1121,SED10054,Age_yr_35_39_P,7002
1121,1122,SED10054,Age_yr_40_44_P,6394
1122,1123,SED10054,Age_yr_45_49_P,5935
1123,1124,SED10054,Age_yr_50_54_P,5800
1124,1125,SED10054,Age_yr_55_59_P,5410
1125,1126,SED10054,Age_yr_60_64_P,4859
1126,1127,SED10054,Age_yr_65_69_P,3747
1127,1128,SED10054,Age_yr_70_74_P,3047
1128,1129,SED10054,Age_yr_75_79_P,1765
1129,1130,SED10054,Age_yr_80_84_P,1113
1130,1131,SED10054,Age_yr_85_89_P,651
1131,1132,SED10054,Age_yr_90_94_P,399
1132,1133,SED10054,Age_yr_95_99_P,102
1133,1134,SED10054,Age_yr_100_yr_over_P,17
1134,1135,SED10055,Age_yr_0_4_P,5938
1135,1136,SED10055,Age_yr_5_9_P,6479
1136,1137,SED10055,Age_yr_10_14_P,6688
1137,1138,SED10055,Age_yr_15_19_P,6400
1138,1139,SED10055,Age_yr_20_24_P,5882
1139,1140,SED10055,Age_yr_25_29_P,5493
1140,1141,SED10055,Age_yr_30_34_P,5958
1141,1142,SED10055,Age_yr_35_39_P,6369
1142,1143,SED10055,Age_yr_40_44_P,6040
1143,1144,SED10055,Age_yr_45_49_P,6031
1144,1145,SED10055,Age_yr_50_54_P,5754
1145,1146,SED10055,Age_yr_55_59_P,5484
1146,1147,SED10055,Age_yr_60_64_P,5182
1147,1148,SED10055,Age_yr_65_69_P,3880
1148,1149,SED10055,Age_yr_70_74_P,2841
1149,1150,SED10055,Age_yr_75_79_P,1579
1150,1151,SED10055,Age_yr_80_84_P,921
1151,1152,SED10055,Age_yr_85_89_P,486
1152,1153,SED10055,Age_yr_90_94_P,183
1153,1154,SED10055,Age_yr_95_99_P,31
1154,1155,SED10055,Age_yr_100_yr_over_P,6
1155,1156,SED10056,Age_yr_0_4_P,5016
1156,1157,SED10056,Age_yr_5_9_P,5312
1157,1158,SED10056,Age_yr_10_14_P,5549
1158,1159,SED10056,Age_yr_15_19_P,5124
1159,1160,SED10056,Age_yr_20_24_P,4210
1160,1161,SED10056,Age_yr_25_29_P,4975
1161,1162,SED10056,Age_yr_30_34_P,5298
1162,1163,SED10056,Age_yr_35_39_P,4800
1163,1164,SED10056,Age_yr_40_44_P,4632
1164,1165,SED10056,Age_yr_45_49_P,5101
1165,1166,SED10056,Age_yr_50_54_P,5457
1166,1167,SED10056,Age_yr_55_59_P,5706
1167,1168,SED10056,Age_yr_60_64_P,6095
1168,1169,SED10056,Age_yr_65_69_P,5426
1169,1170,SED10056,Age_yr_70_74_P,4820
1170,1171,SED10056,Age_yr_75_79_P,3409
1171,1172,SED10056,Age_yr_80_84_P,2599
1172,1173,SED10056,Age_yr_85_89_P,1484
1173,1174,SED10056,Age_yr_90_94_P,688
1174,1175,SED10056,Age_yr_95_99_P,193
1175,1176,SED10056,Age_yr_100_yr_over_P,25
1176,1177,SED10057,Age_yr_0_4_P,3207
1177,1178,SED10057,Age_yr_5_9_P,3920
1178,1179,SED10057,Age_yr_10_14_P,4395
1179,1180,SED10057,Age_yr_15_19_P,3756
1180,1181,SED10057,Age_yr_20_24_P,2849
1181,1182,SED10057,Age_yr_25_29_P,2984
1182,1183,SED10057,Age_yr_30_34_P,3249
1183,1184,SED10057,Age_yr_35_39_P,3364
1184,1185,SED10057,Age_yr_40_44_P,3451
1185,1186,SED10057,Age_yr_45_49_P,4043
1186,1187,SED10057,Age_yr_50_54_P,4553
1187,1188,SED10057,Age_yr_55_59_P,5284
1188,1189,SED10057,Age_yr_60_64_P,6439
1189,1190,SED10057,Age_yr_65_69_P,6560
1190,1191,SED10057,Age_yr_70_74_P,6514
1191,1192,SED10057,Age_yr_75_79_P,4784
1192,1193,SED10057,Age_yr_80_84_P,3141
1193,1194,SED10057,Age_yr_85_89_P,1837
1194,1195,SED10057,Age_yr_90_94_P,953
1195,1196,SED10057,Age_yr_95_99_P,253
1196,1197,SED10057,Age_yr_100_yr_over_P,28
1197,1198,SED10058,Age_yr_0_4_P,3797
1198,1199,SED10058,Age_yr_5_9_P,3897
1199,1200,SED10058,Age_yr_10_14_P,3918
1200,1201,SED10058,Age_yr_15_19_P,3652
1201,1202,SED10058,Age_yr_20_24_P,6420
1202,1203,SED10058,Age_yr_25_29_P,6997
1203,1204,SED10058,Age_yr_30_34_P,6431
1204,1205,SED10058,Age_yr_35_39_P,5530
1205,1206,SED10058,Age_yr_40_44_P,4853
1206,1207,SED10058,Age_yr_45_49_P,4924
1207,1208,SED10058,Age_yr_50_54_P,4977
1208,1209,SED10058,Age_yr_55_59_P,4924
1209,1210,SED10058,Age_yr_60_64_P,5012
1210,1211,SED10058,Age_yr_65_69_P,4357
1211,1212,SED10058,Age_yr_70_74_P,3829
1212,1213,SED10058,Age_yr_75_79_P,2565
1213,1214,SED10058,Age_yr_80_84_P,1716
1214,1215,SED10058,Age_yr_85_89_P,1055
1215,1216,SED10058,Age_yr_90_94_P,606
1216,1217,SED10058,Age_yr_95_99_P,192
1217,1218,SED10058,Age_yr_100_yr_over_P,18
1218,1219,SED10059,Age_yr_0_4_P,2715
1219,1220,SED10059,Age_yr_5_9_P,2330
1220,1221,SED10059,Age_yr_10_14_P,2280
1221,1222,SED10059,Age_yr_15_19_P,2946
1222,1223,SED10059,Age_yr_20_24_P,8842
1223,1224,SED10059,Age_yr_25_29_P,11804
1224,1225,SED10059,Age_yr_30_34_P,10474
1225,1226,SED10059,Age_yr_35_39_P,7567
1226,1227,SED10059,Age_yr_40_44_P,5793
1227,1228,SED10059,Age_yr_45_49_P,5212
1228,1229,SED10059,Age_yr_50_54_P,4800
1229,1230,SED10059,Age_yr_55_59_P,4068
1230,1231,SED10059,Age_yr_60_64_P,3339
1231,1232,SED10059,Age_yr_65_69_P,2562
1232,1233,SED10059,Age_yr_70_74_P,2139
1233,1234,SED10059,Age_yr_75_79_P,1421
1234,1235,SED10059,Age_yr_80_84_P,1065
1235,1236,SED10059,Age_yr_85_89_P,625
1236,1237,SED10059,Age_yr_90_94_P,272
1237,1238,SED10059,Age_yr_95_99_P,51
1238,1239,SED10059,Age_yr_100_yr_over_P,5
1239,1240,SED10060,Age_yr_0_4_P,3558
1240,1241,SED10060,Age_yr_5_9_P,3344
1241,1242,SED10060,Age_yr_10_14_P,3382
1242,1243,SED10060,Age_yr_15_19_P,3048
1243,1244,SED10060,Age_yr_20_24_P,3939
1244,1245,SED10060,Age_yr_25_29_P,6698
1245,1246,SED10060,Age_yr_30_34_P,7955
1246,1247,SED10060,Age_yr_35_39_P,7018
1247,1248,SED10060,Age_yr_40_44_P,5751
1248,1249,SED10060,Age_yr_45_49_P,5297
1249,1250,SED10060,Age_yr_50_54_P,5115
1250,1251,SED10060,Age_yr_55_59_P,4711
1251,1252,SED10060,Age_yr_60_64_P,4451
1252,1253,SED10060,Age_yr_65_69_P,3878
1253,1254,SED10060,Age_yr_70_74_P,3830
1254,1255,SED10060,Age_yr_75_79_P,3130
1255,1256,SED10060,Age_yr_80_84_P,1981
1256,1257,SED10060,Age_yr_85_89_P,1045
1257,1258,SED10060,Age_yr_90_94_P,581
1258,1259,SED10060,Age_yr_95_99_P,158
1259,1260,SED10060,Age_yr_100_yr_over_P,19
1260,1261,SED10061,Age_yr_0_4_P,4322
1261,1262,SED10061,Age_yr_5_9_P,5004
1262,1263,SED10061,Age_yr_10_14_P,5243
1263,1264,SED10061,Age_yr_15_19_P,5195
1264,1265,SED10061,Age_yr_20_24_P,4807
1265,1266,SED10061,Age_yr_25_29_P,4758
1266,1267,SED10061,Age_yr_30_34_P,4448
1267,1268,SED10061,Age_yr_35_39_P,4360
1268,1269,SED10061,Age_yr_40_44_P,4107
1269,1270,SED10061,Age_yr_45_49_P,4542
1270,1271,SED10061,Age_yr_50_54_P,4957
1271,1272,SED10061,Age_yr_55_59_P,5375
1272,1273,SED10061,Age_yr_60_64_P,5407
1273,1274,SED10061,Age_yr_65_69_P,4716
1274,1275,SED10061,Age_yr_70_74_P,4534
1275,1276,SED10061,Age_yr_75_79_P,3426
1276,1277,SED10061,Age_yr_80_84_P,2360
1277,1278,SED10061,Age_yr_85_89_P,1270
1278,1279,SED10061,Age_yr_90_94_P,572
1279,1280,SED10061,Age_yr_95_99_P,118
1280,1281,SED10061,Age_yr_100_yr_over_P,19
1281,1282,SED10062,Age_yr_0_4_P,4090
1282,1283,SED10062,Age_yr_5_9_P,4720
1283,1284,SED10062,Age_yr_10_14_P,4693
1284,1285,SED10062,Age_yr_15_19_P,4658
1285,1286,SED10062,Age_yr_20_24_P,5070
1286,1287,SED10062,Age_yr_25_29_P,4849
1287,1288,SED10062,Age_yr_30_34_P,4854
1288,1289,SED10062,Age_yr_35_39_P,5328
1289,1290,SED10062,Age_yr_40_44_P,5153
1290,1291,SED10062,Age_yr_45_49_P,5372
1291,1292,SED10062,Age_yr_50_54_P,5228
1292,1293,SED10062,Age_yr_55_59_P,5298
1293,1294,SED10062,Age_yr_60_64_P,4928
1294,1295,SED10062,Age_yr_65_69_P,4164
1295,1296,SED10062,Age_yr_70_74_P,3657
1296,1297,SED10062,Age_yr_75_79_P,2753
1297,1298,SED10062,Age_yr_80_84_P,1934
1298,1299,SED10062,Age_yr_85_89_P,1392
1299,1300,SED10062,Age_yr_90_94_P,729
1300,1301,SED10062,Age_yr_95_99_P,219
1301,1302,SED10062,Age_yr_100_yr_over_P,42
1302,1303,SED10063,Age_yr_0_4_P,5261
1303,1304,SED10063,Age_yr_5_9_P,5715
1304,1305,SED10063,Age_yr_10_14_P,5981
1305,1306,SED10063,Age_yr_15_19_P,4954
1306,1307,SED10063,Age_yr_20_24_P,4305
1307,1308,SED10063,Age_yr_25_29_P,4720
1308,1309,SED10063,Age_yr_30_34_P,4945
1309,1310,SED10063,Age_yr_35_39_P,5025
1310,1311,SED10063,Age_yr_40_44_P,4547
1311,1312,SED10063,Age_yr_45_49_P,4862
1312,1313,SED10063,Age_yr_50_54_P,4823
1313,1314,SED10063,Age_yr_55_59_P,4993
1314,1315,SED10063,Age_yr_60_64_P,4903
1315,1316,SED10063,Age_yr_65_69_P,4350
1316,1317,SED10063,Age_yr_70_74_P,4252
1317,1318,SED10063,Age_yr_75_79_P,3083
1318,1319,SED10063,Age_yr_80_84_P,2131
1319,1320,SED10063,Age_yr_85_89_P,1346
1320,1321,SED10063,Age_yr_90_94_P,588
1321,1322,SED10063,Age_yr_95_99_P,149
1322,1323,SED10063,Age_yr_100_yr_over_P,23
1323,1324,SED10064,Age_yr_0_4_P,3813
1324,1325,SED10064,Age_yr_5_9_P,4298
1325,1326,SED10064,Age_yr_10_14_P,4943
1326,1327,SED10064,Age_yr_15_19_P,4245
1327,1328,SED10064,Age_yr_20_24_P,3147
1328,1329,SED10064,Age_yr_25_29_P,3468
1329,1330,SED10064,Age_yr_30_34_P,3722
1330,1331,SED10064,Age_yr_35_39_P,3706
1331,1332,SED10064,Age_yr_40_44_P,3778
1332,1333,SED10064,Age_yr_45_49_P,4398
1333,1334,SED10064,Age_yr_50_54_P,4867
1334,1335,SED10064,Age_yr_55_59_P,5738
1335,1336,SED10064,Age_yr_60_64_P,6564
1336,1337,SED10064,Age_yr_65_69_P,6372
1337,1338,SED10064,Age_yr_70_74_P,5756
1338,1339,SED10064,Age_yr_75_79_P,3931
1339,1340,SED10064,Age_yr_80_84_P,2522
1340,1341,SED10064,Age_yr_85_89_P,1431
1341,1342,SED10064,Age_yr_90_94_P,683
1342,1343,SED10064,Age_yr_95_99_P,213
1343,1344,SED10064,Age_yr_100_yr_over_P,17
1344,1345,SED10065,Age_yr_0_4_P,7273
1345,1346,SED10065,Age_yr_5_9_P,7473
1346,1347,SED10065,Age_yr_10_14_P,5672
1347,1348,SED10065,Age_yr_15_19_P,4771
1348,1349,SED10065,Age_yr_20_24_P,7693
1349,1350,SED10065,Age_yr_25_29_P,10623
1350,1351,SED10065,Age_yr_30_34_P,12113
1351,1352,SED10065,Age_yr_35_39_P,11958
1352,1353,SED10065,Age_yr_40_44_P,8340
1353,1354,SED10065,Age_yr_45_49_P,6520
1354,1355,SED10065,Age_yr_50_54_P,5815
1355,1356,SED10065,Age_yr_55_59_P,5702
1356,1357,SED10065,Age_yr_60_64_P,5220
1357,1358,SED10065,Age_yr_65_69_P,4258
1358,1359,SED10065,Age_yr_70_74_P,3242
1359,1360,SED10065,Age_yr_75_79_P,2183
1360,1361,SED10065,Age_yr_80_84_P,1584
1361,1362,SED10065,Age_yr_85_89_P,985
1362,1363,SED10065,Age_yr_90_94_P,480
1363,1364,SED10065,Age_yr_95_99_P,138
1364,1365,SED10065,Age_yr_100_yr_over_P,18
1365,1366,SED10066,Age_yr_0_4_P,5386
1366,1367,SED10066,Age_yr_5_9_P,5503
1367,1368,SED10066,Age_yr_10_14_P,5375
1368,1369,SED10066,Age_yr_15_19_P,4910
1369,1370,SED10066,Age_yr_20_24_P,5931
1370,1371,SED10066,Age_yr_25_29_P,6487
1371,1372,SED10066,Age_yr_30_34_P,6202
1372,1373,SED10066,Age_yr_35_39_P,6139
1373,1374,SED10066,Age_yr_40_44_P,5664
1374,1375,SED10066,Age_yr_45_49_P,5390
1375,1376,SED10066,Age_yr_50_54_P,4968
1376,1377,SED10066,Age_yr_55_59_P,4633
1377,1378,SED10066,Age_yr_60_64_P,4478
1378,1379,SED10066,Age_yr_65_69_P,3977
1379,1380,SED10066,Age_yr_70_74_P,3721
1380,1381,SED10066,Age_yr_75_79_P,2538
1381,1382,SED10066,Age_yr_80_84_P,1697
1382,1383,SED10066,Age_yr_85_89_P,975
1383,1384,SED10066,Age_yr_90_94_P,445
1384,1385,SED10066,Age_yr_95_99_P,138
1385,1386,SED10066,Age_yr_100_yr_over_P,18
1386,1387,SED10067,Age_yr_0_4_P,3586
1387,1388,SED10067,Age_yr_5_9_P,4431
1388,1389,SED10067,Age_yr_10_14_P,5055
1389,1390,SED10067,Age_yr_15_19_P,4662
1390,1391,SED10067,Age_yr_20_24_P,3739
1391,1392,SED10067,Age_yr_25_29_P,2903
1392,1393,SED10067,Age_yr_30_34_P,3232
1393,1394,SED10067,Age_yr_35_39_P,3889
1394,1395,SED10067,Age_yr_40_44_P,4552
1395,1396,SED10067,Age_yr_45_49_P,5480
1396,1397,SED10067,Age_yr_50_54_P,5402
1397,1398,SED10067,Age_yr_55_59_P,5432
1398,1399,SED10067,Age_yr_60_64_P,5182
1399,1400,SED10067,Age_yr_65_69_P,4598
1400,1401,SED10067,Age_yr_70_74_P,4367
1401,1402,SED10067,Age_yr_75_79_P,3544
1402,1403,SED10067,Age_yr_80_84_P,2440
1403,1404,SED10067,Age_yr_85_89_P,1544
1404,1405,SED10067,Age_yr_90_94_P,845
1405,1406,SED10067,Age_yr_95_99_P,329
1406,1407,SED10067,Age_yr_100_yr_over_P,59
1407,1408,SED10068,Age_yr_0_4_P,3370
1408,1409,SED10068,Age_yr_5_9_P,4123
1409,1410,SED10068,Age_yr_10_14_P,4689
1410,1411,SED10068,Age_yr_15_19_P,4487
1411,1412,SED10068,Age_yr_20_24_P,3494
1412,1413,SED10068,Age_yr_25_29_P,3277
1413,1414,SED10068,Age_yr_30_34_P,3466
1414,1415,SED10068,Age_yr_35_39_P,3863
1415,1416,SED10068,Age_yr_40_44_P,4016
1416,1417,SED10068,Age_yr_45_49_P,4686
1417,1418,SED10068,Age_yr_50_54_P,4937
1418,1419,SED10068,Age_yr_55_59_P,5418
1419,1420,SED10068,Age_yr_60_64_P,6188
1420,1421,SED10068,Age_yr_65_69_P,6367
1421,1422,SED10068,Age_yr_70_74_P,6662
1422,1423,SED10068,Age_yr_75_79_P,5240
1423,1424,SED10068,Age_yr_80_84_P,3242
1424,1425,SED10068,Age_yr_85_89_P,1980
1425,1426,SED10068,Age_yr_90_94_P,972
1426,1427,SED10068,Age_yr_95_99_P,247
1427,1428,SED10068,Age_yr_100_yr_over_P,35
1428,1429,SED10069,Age_yr_0_4_P,3476
1429,1430,SED10069,Age_yr_5_9_P,4280
1430,1431,SED10069,Age_yr_10_14_P,4760
1431,1432,SED10069,Age_yr_15_19_P,4342
1432,1433,SED10069,Age_yr_20_24_P,3549
1433,1434,SED10069,Age_yr_25_29_P,3306
1434,1435,SED10069,Age_yr_30_34_P,3553
1435,1436,SED10069,Age_yr_35_39_P,3761
1436,1437,SED10069,Age_yr_40_44_P,3873
1437,1438,SED10069,Age_yr_45_49_P,4635
1438,1439,SED10069,Age_yr_50_54_P,4737
1439,1440,SED10069,Age_yr_55_59_P,5406
1440,1441,SED10069,Age_yr_60_64_P,5898
1441,1442,SED10069,Age_yr_65_69_P,5869
1442,1443,SED10069,Age_yr_70_74_P,5812
1443,1444,SED10069,Age_yr_75_79_P,4469
1444,1445,SED10069,Age_yr_80_84_P,2595
1445,1446,SED10069,Age_yr_85_89_P,1324
1446,1447,SED10069,Age_yr_90_94_P,607
1447,1448,SED10069,Age_yr_95_99_P,143
1448,1449,SED10069,Age_yr_100_yr_over_P,22
1449,1450,SED10070,Age_yr_0_4_P,5468
1450,1451,SED10070,Age_yr_5_9_P,6206
1451,1452,SED10070,Age_yr_10_14_P,6072
1452,1453,SED10070,Age_yr_15_19_P,5269
1453,1454,SED10070,Age_yr_20_24_P,5370
1454,1455,SED10070,Age_yr_25_29_P,5702
1455,1456,SED10070,Age_yr_30_34_P,5970
1456,1457,SED10070,Age_yr_35_39_P,7004
1457,1458,SED10070,Age_yr_40_44_P,6445
1458,1459,SED10070,Age_yr_45_49_P,5594
1459,1460,SED10070,Age_yr_50_54_P,5130
1460,1461,SED10070,Age_yr_55_59_P,5065
1461,1462,SED10070,Age_yr_60_64_P,4714
1462,1463,SED10070,Age_yr_65_69_P,4285
1463,1464,SED10070,Age_yr_70_74_P,3959
1464,1465,SED10070,Age_yr_75_79_P,2700
1465,1466,SED10070,Age_yr_80_84_P,1876
1466,1467,SED10070,Age_yr_85_89_P,1083
1467,1468,SED10070,Age_yr_90_94_P,515
1468,1469,SED10070,Age_yr_95_99_P,148
1469,1470,SED10070,Age_yr_100_yr_over_P,10
1470,1471,SED10071,Age_yr_0_4_P,9685
1471,1472,SED10071,Age_yr_5_9_P,10701
1472,1473,SED10071,Age_yr_10_14_P,9633
1473,1474,SED10071,Age_yr_15_19_P,7599
1474,1475,SED10071,Age_yr_20_24_P,7467
1475,1476,SED10071,Age_yr_25_29_P,7627
1476,1477,SED10071,Age_yr_30_34_P,10132
1477,1478,SED10071,Age_yr_35_39_P,13349
1478,1479,SED10071,Age_yr_40_44_P,11507
1479,1480,SED10071,Age_yr_45_49_P,8710
1480,1481,SED10071,Age_yr_50_54_P,6613
1481,1482,SED10071,Age_yr_55_59_P,5376
1482,1483,SED10071,Age_yr_60_64_P,4351
1483,1484,SED10071,Age_yr_65_69_P,3557
1484,1485,SED10071,Age_yr_70_74_P,2819
1485,1486,SED10071,Age_yr_75_79_P,1586
1486,1487,SED10071,Age_yr_80_84_P,938
1487,1488,SED10071,Age_yr_85_89_P,440
1488,1489,SED10071,Age_yr_90_94_P,191
1489,1490,SED10071,Age_yr_95_99_P,43
1490,1491,SED10071,Age_yr_100_yr_over_P,5
1491,1492,SED10072,Age_yr_0_4_P,5155
1492,1493,SED10072,Age_yr_5_9_P,4427
1493,1494,SED10072,Age_yr_10_14_P,4236
1494,1495,SED10072,Age_yr_15_19_P,4111
1495,1496,SED10072,Age_yr_20_24_P,6780
1496,1497,SED10072,Age_yr_25_29_P,9318
1497,1498,SED10072,Age_yr_30_34_P,9798
1498,1499,SED10072,Age_yr_35_39_P,8063
1499,1500,SED10072,Age_yr_40_44_P,6152
1500,1501,SED10072,Age_yr_45_49_P,5751
1501,1502,SED10072,Age_yr_50_54_P,5574
1502,1503,SED10072,Age_yr_55_59_P,5174
1503,1504,SED10072,Age_yr_60_64_P,4581
1504,1505,SED10072,Age_yr_65_69_P,3844
1505,1506,SED10072,Age_yr_70_74_P,3684
1506,1507,SED10072,Age_yr_75_79_P,2789
1507,1508,SED10072,Age_yr_80_84_P,2233
1508,1509,SED10072,Age_yr_85_89_P,1414
1509,1510,SED10072,Age_yr_90_94_P,669
1510,1511,SED10072,Age_yr_95_99_P,181
1511,1512,SED10072,Age_yr_100_yr_over_P,7
1512,1513,SED10073,Age_yr_0_4_P,5568
1513,1514,SED10073,Age_yr_5_9_P,5629
1514,1515,SED10073,Age_yr_10_14_P,4611
1515,1516,SED10073,Age_yr_15_19_P,4414
1516,1517,SED10073,Age_yr_20_24_P,6952
1517,1518,SED10073,Age_yr_25_29_P,8876
1518,1519,SED10073,Age_yr_30_34_P,10223
1519,1520,SED10073,Age_yr_35_39_P,9546
1520,1521,SED10073,Age_yr_40_44_P,7190
1521,1522,SED10073,Age_yr_45_49_P,5882
1522,1523,SED10073,Age_yr_50_54_P,5413
1523,1524,SED10073,Age_yr_55_59_P,5627
1524,1525,SED10073,Age_yr_60_64_P,5115
1525,1526,SED10073,Age_yr_65_69_P,4510
1526,1527,SED10073,Age_yr_70_74_P,3738
1527,1528,SED10073,Age_yr_75_79_P,2447
1528,1529,SED10073,Age_yr_80_84_P,1979
1529,1530,SED10073,Age_yr_85_89_P,1307
1530,1531,SED10073,Age_yr_90_94_P,736
1531,1532,SED10073,Age_yr_95_99_P,227
1532,1533,SED10073,Age_yr_100_yr_over_P,27
1533,1534,SED10074,Age_yr_0_4_P,5682
1534,1535,SED10074,Age_yr_5_9_P,5877
1535,1536,SED10074,Age_yr_10_14_P,5330
1536,1537,SED10074,Age_yr_15_19_P,4653
1537,1538,SED10074,Age_yr_20_24_P,5134
1538,1539,SED10074,Age_yr_25_29_P,6039
1539,1540,SED10074,Age_yr_30_34_P,6657
1540,1541,SED10074,Age_yr_35_39_P,7622
1541,1542,SED10074,Age_yr_40_44_P,6437
1542,1543,SED10074,Age_yr_45_49_P,5658
1543,1544,SED10074,Age_yr_50_54_P,4969
1544,1545,SED10074,Age_yr_55_59_P,4548
1545,1546,SED10074,Age_yr_60_64_P,4271
1546,1547,SED10074,Age_yr_65_69_P,3801
1547,1548,SED10074,Age_yr_70_74_P,3538
1548,1549,SED10074,Age_yr_75_79_P,2700
1549,1550,SED10074,Age_yr_80_84_P,1791
1550,1551,SED10074,Age_yr_85_89_P,1088
1551,1552,SED10074,Age_yr_90_94_P,449
1552,1553,SED10074,Age_yr_95_99_P,167
1553,1554,SED10074,Age_yr_100_yr_over_P,18
1554,1555,SED10075,Age_yr_0_4_P,5194
1555,1556,SED10075,Age_yr_5_9_P,5636
1556,1557,SED10075,Age_yr_10_14_P,5897
1557,1558,SED10075,Age_yr_15_19_P,5651
1558,1559,SED10075,Age_yr_20_24_P,5281
1559,1560,SED10075,Age_yr_25_29_P,5175
1560,1561,SED10075,Age_yr_30_34_P,5429
1561,1562,SED10075,Age_yr_35_39_P,5571
1562,1563,SED10075,Age_yr_40_44_P,5450
1563,1564,SED10075,Age_yr_45_49_P,5735
1564,1565,SED10075,Age_yr_50_54_P,5447
1565,1566,SED10075,Age_yr_55_59_P,5544
1566,1567,SED10075,Age_yr_60_64_P,5494
1567,1568,SED10075,Age_yr_65_69_P,4748
1568,1569,SED10075,Age_yr_70_74_P,4546
1569,1570,SED10075,Age_yr_75_79_P,3318
1570,1571,SED10075,Age_yr_80_84_P,2387
1571,1572,SED10075,Age_yr_85_89_P,1311
1572,1573,SED10075,Age_yr_90_94_P,523
1573,1574,SED10075,Age_yr_95_99_P,155
1574,1575,SED10075,Age_yr_100_yr_over_P,8
1575,1576,SED10076,Age_yr_0_4_P,3900
1576,1577,SED10076,Age_yr_5_9_P,4048
1577,1578,SED10076,Age_yr_10_14_P,4272
1578,1579,SED10076,Age_yr_15_19_P,3760
1579,1580,SED10076,Age_yr_20_24_P,3168
1580,1581,SED10076,Age_yr_25_29_P,3635
1581,1582,SED10076,Age_yr_30_34_P,3895
1582,1583,SED10076,Age_yr_35_39_P,3961
1583,1584,SED10076,Age_yr_40_44_P,3769
1584,1585,SED10076,Age_yr_45_49_P,4139
1585,1586,SED10076,Age_yr_50_54_P,4475
1586,1587,SED10076,Age_yr_55_59_P,5177
1587,1588,SED10076,Age_yr_60_64_P,6247
1588,1589,SED10076,Age_yr_65_69_P,6318
1589,1590,SED10076,Age_yr_70_74_P,6131
1590,1591,SED10076,Age_yr_75_79_P,4360
1591,1592,SED10076,Age_yr_80_84_P,2838
1592,1593,SED10076,Age_yr_85_89_P,1602
1593,1594,SED10076,Age_yr_90_94_P,760
1594,1595,SED10076,Age_yr_95_99_P,171
1595,1596,SED10076,Age_yr_100_yr_over_P,25
1596,1597,SED10077,Age_yr_0_4_P,4739
1597,1598,SED10077,Age_yr_5_9_P,4706
1598,1599,SED10077,Age_yr_10_14_P,4496
1599,1600,SED10077,Age_yr_15_19_P,4583
1600,1601,SED10077,Age_yr_20_24_P,11196
1601,1602,SED10077,Age_yr_25_29_P,12386
1602,1603,SED10077,Age_yr_30_34_P,10801
1603,1604,SED10077,Age_yr_35_39_P,8231
1604,1605,SED10077,Age_yr_40_44_P,5856
1605,1606,SED10077,Age_yr_45_49_P,5673
1606,1607,SED10077,Age_yr_50_54_P,5460
1607,1608,SED10077,Age_yr_55_59_P,5452
1608,1609,SED10077,Age_yr_60_64_P,4853
1609,1610,SED10077,Age_yr_65_69_P,3960
1610,1611,SED10077,Age_yr_70_74_P,3230
1611,1612,SED10077,Age_yr_75_79_P,2380
1612,1613,SED10077,Age_yr_80_84_P,1939
1613,1614,SED10077,Age_yr_85_89_P,1367
1614,1615,SED10077,Age_yr_90_94_P,681
1615,1616,SED10077,Age_yr_95_99_P,225
1616,1617,SED10077,Age_yr_100_yr_over_P,18
1617,1618,SED10078,Age_yr_0_4_P,3644
1618,1619,SED10078,Age_yr_5_9_P,3537
1619,1620,SED10078,Age_yr_10_14_P,3681
1620,1621,SED10078,Age_yr_15_19_P,3326
1621,1622,SED10078,Age_yr_20_24_P,5419
1622,1623,SED10078,Age_yr_25_29_P,8080
1623,1624,SED10078,Age_yr_30_34_P,8366
1624,1625,SED10078,Age_yr_35_39_P,7100
1625,1626,SED10078,Age_yr_40_44_P,5723
1626,1627,SED10078,Age_yr_45_49_P,5600
1627,1628,SED10078,Age_yr_50_54_P,5189
1628,1629,SED10078,Age_yr_55_59_P,4803
1629,1630,SED10078,Age_yr_60_64_P,4100
1630,1631,SED10078,Age_yr_65_69_P,3379
1631,1632,SED10078,Age_yr_70_74_P,2958
1632,1633,SED10078,Age_yr_75_79_P,2215
1633,1634,SED10078,Age_yr_80_84_P,1801
1634,1635,SED10078,Age_yr_85_89_P,1251
1635,1636,SED10078,Age_yr_90_94_P,633
1636,1637,SED10078,Age_yr_95_99_P,185
1637,1638,SED10078,Age_yr_100_yr_over_P,37
1638,1639,SED10079,Age_yr_0_4_P,3720
1639,1640,SED10079,Age_yr_5_9_P,4289
1640,1641,SED10079,Age_yr_10_14_P,4508
1641,1642,SED10079,Age_yr_15_19_P,4115
1642,1643,SED10079,Age_yr_20_24_P,3788
1643,1644,SED10079,Age_yr_25_29_P,3697
1644,1645,SED10079,Age_yr_30_34_P,3662
1645,1646,SED10079,Age_yr_35_39_P,4000
1646,1647,SED10079,Age_yr_40_44_P,3954
1647,1648,SED10079,Age_yr_45_49_P,4441
1648,1649,SED10079,Age_yr_50_54_P,4890
1649,1650,SED10079,Age_yr_55_59_P,5095
1650,1651,SED10079,Age_yr_60_64_P,5297
1651,1652,SED10079,Age_yr_65_69_P,5128
1652,1653,SED10079,Age_yr_70_74_P,4982
1653,1654,SED10079,Age_yr_75_79_P,3854
1654,1655,SED10079,Age_yr_80_84_P,2558
1655,1656,SED10079,Age_yr_85_89_P,1404
1656,1657,SED10079,Age_yr_90_94_P,626
1657,1658,SED10079,Age_yr_95_99_P,116
1658,1659,SED10079,Age_yr_100_yr_over_P,10
1659,1660,SED10080,Age_yr_0_4_P,2779
1660,1661,SED10080,Age_yr_5_9_P,1976
1661,1662,SED10080,Age_yr_10_14_P,1690
1662,1663,SED10080,Age_yr_15_19_P,1975
1663,1664,SED10080,Age_yr_20_24_P,7541
1664,1665,SED10080,Age_yr_25_29_P,14103
1665,1666,SED10080,Age_yr_30_34_P,14306
1666,1667,SED10080,Age_yr_35_39_P,10567
1667,1668,SED10080,Age_yr_40_44_P,7344
1668,1669,SED10080,Age_yr_45_49_P,5679
1669,1670,SED10080,Age_yr_50_54_P,5144
1670,1671,SED10080,Age_yr_55_59_P,4726
1671,1672,SED10080,Age_yr_60_64_P,4138
1672,1673,SED10080,Age_yr_65_69_P,3489
1673,1674,SED10080,Age_yr_70_74_P,3165
1674,1675,SED10080,Age_yr_75_79_P,2154
1675,1676,SED10080,Age_yr_80_84_P,1332
1676,1677,SED10080,Age_yr_85_89_P,765
1677,1678,SED10080,Age_yr_90_94_P,381
1678,1679,SED10080,Age_yr_95_99_P,120
1679,1680,SED10080,Age_yr_100_yr_over_P,15
1680,1681,SED10081,Age_yr_0_4_P,5038
1681,1682,SED10081,Age_yr_5_9_P,5642
1682,1683,SED10081,Age_yr_10_14_P,5738
1683,1684,SED10081,Age_yr_15_19_P,5031
1684,1685,SED10081,Age_yr_20_24_P,4199
1685,1686,SED10081,Age_yr_25_29_P,4999
1686,1687,SED10081,Age_yr_30_34_P,5170
1687,1688,SED10081,Age_yr_35_39_P,4830
1688,1689,SED10081,Age_yr_40_44_P,4469
1689,1690,SED10081,Age_yr_45_49_P,4663
1690,1691,SED10081,Age_yr_50_54_P,4765
1691,1692,SED10081,Age_yr_55_59_P,4919
1692,1693,SED10081,Age_yr_60_64_P,5035
1693,1694,SED10081,Age_yr_65_69_P,4617
1694,1695,SED10081,Age_yr_70_74_P,4180
1695,1696,SED10081,Age_yr_75_79_P,3166
1696,1697,SED10081,Age_yr_80_84_P,2351
1697,1698,SED10081,Age_yr_85_89_P,1277
1698,1699,SED10081,Age_yr_90_94_P,599
1699,1700,SED10081,Age_yr_95_99_P,151
1700,1701,SED10081,Age_yr_100_yr_over_P,20
1701,1702,SED10082,Age_yr_0_4_P,3944
1702,1703,SED10082,Age_yr_5_9_P,4779
1703,1704,SED10082,Age_yr_10_14_P,5246
1704,1705,SED10082,Age_yr_15_19_P,4805
1705,1706,SED10082,Age_yr_20_24_P,3729
1706,1707,SED10082,Age_yr_25_29_P,3094
1707,1708,SED10082,Age_yr_30_34_P,3549
1708,1709,SED10082,Age_yr_35_39_P,4340
1709,1710,SED10082,Age_yr_40_44_P,4644
1710,1711,SED10082,Age_yr_45_49_P,5135
1711,1712,SED10082,Age_yr_50_54_P,5172
1712,1713,SED10082,Age_yr_55_59_P,5108
1713,1714,SED10082,Age_yr_60_64_P,5275
1714,1715,SED10082,Age_yr_65_69_P,4978
1715,1716,SED10082,Age_yr_70_74_P,4896
1716,1717,SED10082,Age_yr_75_79_P,3747
1717,1718,SED10082,Age_yr_80_84_P,2572
1718,1719,SED10082,Age_yr_85_89_P,1536
1719,1720,SED10082,Age_yr_90_94_P,848
1720,1721,SED10082,Age_yr_95_99_P,191
1721,1722,SED10082,Age_yr_100_yr_over_P,32
1722,1723,SED10083,Age_yr_0_4_P,4374
1723,1724,SED10083,Age_yr_5_9_P,4754
1724,1725,SED10083,Age_yr_10_14_P,4912
1725,1726,SED10083,Age_yr_15_19_P,4415
1726,1727,SED10083,Age_yr_20_24_P,4056
1727,1728,SED10083,Age_yr_25_29_P,4069
1728,1729,SED10083,Age_yr_30_34_P,4672
1729,1730,SED10083,Age_yr_35_39_P,4793
1730,1731,SED10083,Age_yr_40_44_P,4570
1731,1732,SED10083,Age_yr_45_49_P,4809
1732,1733,SED10083,Age_yr_50_54_P,4684
1733,1734,SED10083,Age_yr_55_59_P,4925
1734,1735,SED10083,Age_yr_60_64_P,4770
1735,1736,SED10083,Age_yr_65_69_P,4519
1736,1737,SED10083,Age_yr_70_74_P,4183
1737,1738,SED10083,Age_yr_75_79_P,3038
1738,1739,SED10083,Age_yr_80_84_P,2058
1739,1740,SED10083,Age_yr_85_89_P,1402
1740,1741,SED10083,Age_yr_90_94_P,768
1741,1742,SED10083,Age_yr_95_99_P,213
1742,1743,SED10083,Age_yr_100_yr_over_P,26
1743,1744,SED10084,Age_yr_0_4_P,3909
1744,1745,SED10084,Age_yr_5_9_P,4614
1745,1746,SED10084,Age_yr_10_14_P,4767
1746,1747,SED10084,Age_yr_15_19_P,4182
1747,1748,SED10084,Age_yr_20_24_P,3433
1748,1749,SED10084,Age_yr_25_29_P,3473
1749,1750,SED10084,Age_yr_30_34_P,4108
1750,1751,SED10084,Age_yr_35_39_P,4693
1751,1752,SED10084,Age_yr_40_44_P,4629
1752,1753,SED10084,Age_yr_45_49_P,5105
1753,1754,SED10084,Age_yr_50_54_P,4854
1754,1755,SED10084,Age_yr_55_59_P,5311
1755,1756,SED10084,Age_yr_60_64_P,6052
1756,1757,SED10084,Age_yr_65_69_P,5857
1757,1758,SED10084,Age_yr_70_74_P,5507
1758,1759,SED10084,Age_yr_75_79_P,4291
1759,1760,SED10084,Age_yr_80_84_P,3061
1760,1761,SED10084,Age_yr_85_89_P,1995
1761,1762,SED10084,Age_yr_90_94_P,991
1762,1763,SED10084,Age_yr_95_99_P,286
1763,1764,SED10084,Age_yr_100_yr_over_P,42
1764,1765,SED10085,Age_yr_0_4_P,4428
1765,1766,SED10085,Age_yr_5_9_P,5317
1766,1767,SED10085,Age_yr_10_14_P,5510
1767,1768,SED10085,Age_yr_15_19_P,4916
1768,1769,SED10085,Age_yr_20_24_P,3993
1769,1770,SED10085,Age_yr_25_29_P,4420
1770,1771,SED10085,Age_yr_30_34_P,4840
1771,1772,SED10085,Age_yr_35_39_P,4764
1772,1773,SED10085,Age_yr_40_44_P,4526
1773,1774,SED10085,Age_yr_45_49_P,5044
1774,1775,SED10085,Age_yr_50_54_P,5293
1775,1776,SED10085,Age_yr_55_59_P,5560
1776,1777,SED10085,Age_yr_60_64_P,5287
1777,1778,SED10085,Age_yr_65_69_P,4677
1778,1779,SED10085,Age_yr_70_74_P,4018
1779,1780,SED10085,Age_yr_75_79_P,2769
1780,1781,SED10085,Age_yr_80_84_P,1824
1781,1782,SED10085,Age_yr_85_89_P,1020
1782,1783,SED10085,Age_yr_90_94_P,475
1783,1784,SED10085,Age_yr_95_99_P,110
1784,1785,SED10085,Age_yr_100_yr_over_P,19
1785,1786,SED10086,Age_yr_0_4_P,4012
1786,1787,SED10086,Age_yr_5_9_P,3951
1787,1788,SED10086,Age_yr_10_14_P,4395
1788,1789,SED10086,Age_yr_15_19_P,3903
1789,1790,SED10086,Age_yr_20_24_P,4054
1790,1791,SED10086,Age_yr_25_29_P,7318
1791,1792,SED10086,Age_yr_30_34_P,8430
1792,1793,SED10086,Age_yr_35_39_P,6633
1793,1794,SED10086,Age_yr_40_44_P,5381
1794,1795,SED10086,Age_yr_45_49_P,5394
1795,1796,SED10086,Age_yr_50_54_P,4976
1796,1797,SED10086,Age_yr_55_59_P,4247
1797,1798,SED10086,Age_yr_60_64_P,3915
1798,1799,SED10086,Age_yr_65_69_P,3344
1799,1800,SED10086,Age_yr_70_74_P,3606
1800,1801,SED10086,Age_yr_75_79_P,2639
1801,1802,SED10086,Age_yr_80_84_P,1846
1802,1803,SED10086,Age_yr_85_89_P,1120
1803,1804,SED10086,Age_yr_90_94_P,619
1804,1805,SED10086,Age_yr_95_99_P,228
1805,1806,SED10086,Age_yr_100_yr_over_P,22
1806,1807,SED10087,Age_yr_0_4_P,5414
1807,1808,SED10087,Age_yr_5_9_P,5509
1808,1809,SED10087,Age_yr_10_14_P,5658
1809,1810,SED10087,Age_yr_15_19_P,5478
1810,1811,SED10087,Age_yr_20_24_P,5834
1811,1812,SED10087,Age_yr_25_29_P,5658
1812,1813,SED10087,Age_yr_30_34_P,5418
1813,1814,SED10087,Age_yr_35_39_P,5262
1814,1815,SED10087,Age_yr_40_44_P,4568
1815,1816,SED10087,Age_yr_45_49_P,4639
1816,1817,SED10087,Age_yr_50_54_P,4708
1817,1818,SED10087,Age_yr_55_59_P,4743
1818,1819,SED10087,Age_yr_60_64_P,4846
1819,1820,SED10087,Age_yr_65_69_P,4267
1820,1821,SED10087,Age_yr_70_74_P,3702
1821,1822,SED10087,Age_yr_75_79_P,2704
1822,1823,SED10087,Age_yr_80_84_P,1928
1823,1824,SED10087,Age_yr_85_89_P,1219
1824,1825,SED10087,Age_yr_90_94_P,594
1825,1826,SED10087,Age_yr_95_99_P,157
1826,1827,SED10087,Age_yr_100_yr_over_P,21
1827,1828,SED10088,Age_yr_0_4_P,4775
1828,1829,SED10088,Age_yr_5_9_P,5262
1829,1830,SED10088,Age_yr_10_14_P,5677
1830,1831,SED10088,Age_yr_15_19_P,5269
1831,1832,SED10088,Age_yr_20_24_P,4818
1832,1833,SED10088,Age_yr_25_29_P,4426
1833,1834,SED10088,Age_yr_30_34_P,4981
1834,1835,SED10088,Age_yr_35_39_P,5723
1835,1836,SED10088,Age_yr_40_44_P,6000
1836,1837,SED10088,Age_yr_45_49_P,6495
1837,1838,SED10088,Age_yr_50_54_P,6245
1838,1839,SED10088,Age_yr_55_59_P,5332
1839,1840,SED10088,Age_yr_60_64_P,4450
1840,1841,SED10088,Age_yr_65_69_P,3575
1841,1842,SED10088,Age_yr_70_74_P,3278
1842,1843,SED10088,Age_yr_75_79_P,2724
1843,1844,SED10088,Age_yr_80_84_P,2101
1844,1845,SED10088,Age_yr_85_89_P,1253
1845,1846,SED10088,Age_yr_90_94_P,739
1846,1847,SED10088,Age_yr_95_99_P,191
1847,1848,SED10088,Age_yr_100_yr_over_P,22
1848,1849,SED10089,Age_yr_0_4_P,4940
1849,1850,SED10089,Age_yr_5_9_P,5244
1850,1851,SED10089,Age_yr_10_14_P,5053
1851,1852,SED10089,Age_yr_15_19_P,5783
1852,1853,SED10089,Age_yr_20_24_P,7592
1853,1854,SED10089,Age_yr_25_29_P,6701
1854,1855,SED10089,Age_yr_30_34_P,6333
1855,1856,SED10089,Age_yr_35_39_P,5951
1856,1857,SED10089,Age_yr_40_44_P,5129
1857,1858,SED10089,Age_yr_45_49_P,5228
1858,1859,SED10089,Age_yr_50_54_P,4848
1859,1860,SED10089,Age_yr_55_59_P,4755
1860,1861,SED10089,Age_yr_60_64_P,4370
1861,1862,SED10089,Age_yr_65_69_P,4092
1862,1863,SED10089,Age_yr_70_74_P,3695
1863,1864,SED10089,Age_yr_75_79_P,2875
1864,1865,SED10089,Age_yr_80_84_P,2047
1865,1866,SED10089,Age_yr_85_89_P,1398
1866,1867,SED10089,Age_yr_90_94_P,816
1867,1868,SED10089,Age_yr_95_99_P,240
1868,1869,SED10089,Age_yr_100_yr_over_P,32
1869,1870,SED10090,Age_yr_0_4_P,4728
1870,1871,SED10090,Age_yr_5_9_P,5658
1871,1872,SED10090,Age_yr_10_14_P,5561
1872,1873,SED10090,Age_yr_15_19_P,4607
1873,1874,SED10090,Age_yr_20_24_P,4395
1874,1875,SED10090,Age_yr_25_29_P,5205
1875,1876,SED10090,Age_yr_30_34_P,6226
1876,1877,SED10090,Age_yr_35_39_P,7285
1877,1878,SED10090,Age_yr_40_44_P,7165
1878,1879,SED10090,Age_yr_45_49_P,6686
1879,1880,SED10090,Age_yr_50_54_P,5807
1880,1881,SED10090,Age_yr_55_59_P,5074
1881,1882,SED10090,Age_yr_60_64_P,4377
1882,1883,SED10090,Age_yr_65_69_P,3980
1883,1884,SED10090,Age_yr_70_74_P,3745
1884,1885,SED10090,Age_yr_75_79_P,2495
1885,1886,SED10090,Age_yr_80_84_P,1713
1886,1887,SED10090,Age_yr_85_89_P,1217
1887,1888,SED10090,Age_yr_90_94_P,661
1888,1889,SED10090,Age_yr_95_99_P,247
1889,1890,SED10090,Age_yr_100_yr_over_P,33
1890,1891,SED10091,Age_yr_0_4_P,5257
1891,1892,SED10091,Age_yr_5_9_P,5465
1892,1893,SED10091,Age_yr_10_14_P,5789
1893,1894,SED10091,Age_yr_15_19_P,5277
1894,1895,SED10091,Age_yr_20_24_P,4321
1895,1896,SED10091,Age_yr_25_29_P,4338
1896,1897,SED10091,Age_yr_30_34_P,4897
1897,1898,SED10091,Age_yr_35_39_P,5042
1898,1899,SED10091,Age_yr_40_44_P,4772
1899,1900,SED10091,Age_yr_45_49_P,5474
1900,1901,SED10091,Age_yr_50_54_P,5485
1901,1902,SED10091,Age_yr_55_59_P,5058
1902,1903,SED10091,Age_yr_60_64_P,5030
1903,1904,SED10091,Age_yr_65_69_P,4689
1904,1905,SED10091,Age_yr_70_74_P,4596
1905,1906,SED10091,Age_yr_75_79_P,3403
1906,1907,SED10091,Age_yr_80_84_P,2262
1907,1908,SED10091,Age_yr_85_89_P,1287
1908,1909,SED10091,Age_yr_90_94_P,510
1909,1910,SED10091,Age_yr_95_99_P,175
1910,1911,SED10091,Age_yr_100_yr_over_P,29
1911,1912,SED10092,Age_yr_0_4_P,4382
1912,1913,SED10092,Age_yr_5_9_P,4247
1913,1914,SED10092,Age_yr_10_14_P,4216
1914,1915,SED10092,Age_yr_15_19_P,4544
1915,1916,SED10092,Age_yr_20_24_P,7487
1916,1917,SED10092,Age_yr_25_29_P,7417
1917,1918,SED10092,Age_yr_30_34_P,6173
1918,1919,SED10092,Age_yr_35_39_P,5301
1919,1920,SED10092,Age_yr_40_44_P,4659
1920,1921,SED10092,Age_yr_45_49_P,4958
1921,1922,SED10092,Age_yr_50_54_P,5002
1922,1923,SED10092,Age_yr_55_59_P,5308
1923,1924,SED10092,Age_yr_60_64_P,5162
1924,1925,SED10092,Age_yr_65_69_P,4398
1925,1926,SED10092,Age_yr_70_74_P,3995
1926,1927,SED10092,Age_yr_75_79_P,3099
1927,1928,SED10092,Age_yr_80_84_P,2443
1928,1929,SED10092,Age_yr_85_89_P,1552
1929,1930,SED10092,Age_yr_90_94_P,746
1930,1931,SED10092,Age_yr_95_99_P,182
1931,1932,SED10092,Age_yr_100_yr_over_P,16
1932,1933,SED10093,Age_yr_0_4_P,5201
1933,1934,SED10093,Age_yr_5_9_P,5290
1934,1935,SED10093,Age_yr_10_14_P,5609
1935,1936,SED10093,Age_yr_15_19_P,5297
1936,1937,SED10093,Age_yr_20_24_P,4900
1937,1938,SED10093,Age_yr_25_29_P,5136
1938,1939,SED10093,Age_yr_30_34_P,4958
1939,1940,SED10093,Age_yr_35_39_P,5009
1940,1941,SED10093,Age_yr_40_44_P,4871
1941,1942,SED10093,Age_yr_45_49_P,5190
1942,1943,SED10093,Age_yr_50_54_P,5180
1943,1944,SED10093,Age_yr_55_59_P,4997
1944,1945,SED10093,Age_yr_60_64_P,4766
1945,1946,SED10093,Age_yr_65_69_P,4352
1946,1947,SED10093,Age_yr_70_74_P,4086
1947,1948,SED10093,Age_yr_75_79_P,3162
1948,1949,SED10093,Age_yr_80_84_P,2278
1949,1950,SED10093,Age_yr_85_89_P,1302
1950,1951,SED10093,Age_yr_90_94_P,738
1951,1952,SED10093,Age_yr_95_99_P,178
1952,1953,SED10093,Age_yr_100_yr_over_P,29
1953,1954,SED19494,Age_yr_0_4_P,460
1954,1955,SED19494,Age_yr_5_9_P,428
1955,1956,SED19494,Age_yr_10_14_P,369
1956,1957,SED19494,Age_yr_15_19_P,532
1957,1958,SED19494,Age_yr_20_24_P,829
1958,1959,SED19494,Age_yr_25_29_P,1118
1959,1960,SED19494,Age_yr_30_34_P,1068
1960,1961,SED19494,Age_yr_35_39_P,954
1961,1962,SED19494,Age_yr_40_44_P,902
1962,1963,SED19494,Age_yr_45_49_P,877
1963,1964,SED19494,Age_yr_50_54_P,801
1964,1965,SED19494,Age_yr_55_59_P,844
1965,1966,SED19494,Age_yr_60_64_P,808
1966,1967,SED19494,Age_yr_65_69_P,637
1967,1968,SED19494,Age_yr_70_74_P,415
1968,1969,SED19494,Age_yr_75_79_P,191
1969,1970,SED19494,Age_yr_80_84_P,86
1970,1971,SED19494,Age_yr_85_89_P,26
1971,1972,SED19494,Age_yr_90_94_P,17
1972,1973,SED19494,Age_yr_95_99_P,3
1973,1974,SED19494,Age_yr_100_yr_over_P,0
1974,1975,SED19797,Age_yr_0_4_P,0
1975,1976,SED19797,Age_yr_5_9_P,0
1976,1977,SED19797,Age_yr_10_14_P,0
1977,1978,SED19797,Age_yr_15_19_P,0
1978,1979,SED19797,Age_yr_20_24_P,0
1979,1980,SED19797,Age_yr_25_29_P,0
1980,1981,SED19797,Age_yr_30_34_P,0
1981,1982,SED19797,Age_yr_35_39_P,0
1982,1983,SED19797,Age_yr_40_44_P,0
1983,1984,SED19797,Age_yr_45_49_P,0
1984,1985,SED19797,Age_yr_50_54_P,0
1985,1986,SED19797,Age_yr_55_59_P,0
1986,1987,SED19797,Age_yr_60_64_P,0
1987,1988,SED19797,Age_yr_65_69_P,0
1988,1989,SED19797,Age_yr_70_74_P,0
1989,1990,SED19797,Age_yr_75_79_P,0
1990,1991,SED19797,Age_yr_80_84_P,0
1991,1992,SED19797,Age_yr_85_89_P,0
1992,1993,SED19797,Age_yr_90_94_P,0
1993,1994,SED19797,Age_yr_95_99_P,0
1994,1995,SED19797,Age_yr_100_yr_over_P,0
